OTU,Sample,Abundance,Depth,Absolute Abundance,Kingdom,Phylum,Class,Order,Family,Genus,OTU Relative Abundance,Absolute Abundance,Absolute Abundance round off,Phylum|Genus,Percentage within sample
Otu00051,LC-3m-E1,612,3,95666.66667,Bacteria,Cyanobacteria,Oxyphotobacteria,Chloroplast,Chloroplast_fa,Chloroplast_ge,0.02023474955,1935.79104,1936,Cyanobacteria|Chloroplast_ge,37.04600484
Otu00042,LC-3m-E1,396,3,95666.66667,Bacteria,Cyanobacteria,Oxyphotobacteria,Chloroplast,Chloroplast_fa,Chloroplast_ge,0.01309307324,1252.570673,1253,Cyanobacteria|Chloroplast_ge,23.97094431
Otu00143,LC-3m-E1,240,3,95666.66667,Bacteria,Cyanobacteria,Oxyphotobacteria,Chloroplast,Chloroplast_fa,Chloroplast_ge,0.0079351959,759.1337411,759,Cyanobacteria|Chloroplast_ge,14.52784504
Otu00008,LC-3m-E1,194,3,95666.66667,Bacteria,Cyanobacteria,Oxyphotobacteria,Oxyphotobacteria_unclassified,Oxyphotobacteria_unclassified,Oxyphotobacteria_unclassified,0.006414283353,613.6331074,614,Cyanobacteria|Oxyphotobacteria_unclassified,11.7433414
Otu00106,LC-3m-E1,99,3,95666.66667,Bacteria,Cyanobacteria,Oxyphotobacteria,Synechococcales,Cyanobiaceae,Cyanobium_PCC-6307,0.003273268309,313.1426682,313,Cyanobacteria|Cyanobium_PCC-6307,5.992736077
Otu00208,LC-3m-E1,64,3,95666.66667,Bacteria,Cyanobacteria,Oxyphotobacteria,Chloroplast,Chloroplast_fa,Chloroplast_ge,0.00211605224,202.4356643,202,Cyanobacteria|Chloroplast_ge,3.87409201
Otu00410,LC-3m-E1,19,3,95666.66667,Bacteria,Cyanobacteria,Oxyphotobacteria,Chloroplast,Chloroplast_fa,Chloroplast_ge,0.0006282030088,60.09808784,60,Cyanobacteria|Chloroplast_ge,1.150121065
Otu00055,LC-3m-E1,9,3,95666.66667,Bacteria,Cyanobacteria,Oxyphotobacteria,Chloroplast,Chloroplast_fa,Chloroplast_ge,0.0002975698463,28.46751529,28,Cyanobacteria|Chloroplast_ge,0.5447941889
Otu00033,LC-3m-E1,7,3,95666.66667,Bacteria,Cyanobacteria,Oxyphotobacteria,Chloroplast,Chloroplast_fa,Chloroplast_ge,0.0002314432138,22.14140078,22,Cyanobacteria|Chloroplast_ge,0.4237288136
Otu00299,LC-3m-E1,6,3,95666.66667,Bacteria,Cyanobacteria,Oxyphotobacteria,Chloroplast,Chloroplast_fa,Chloroplast_ge,0.0001983798975,18.97834353,19,Cyanobacteria|Chloroplast_ge,0.3631961259
Otu00440,LC-3m-E1,5,3,95666.66667,Bacteria,Cyanobacteria,Oxyphotobacteria,Chloroplast,Chloroplast_fa,Chloroplast_ge,0.0001653165813,15.81528627,16,Cyanobacteria|Chloroplast_ge,0.3026634383
Otu00286,LC-3m-E1,1,3,95666.66667,Bacteria,Cyanobacteria,Oxyphotobacteria,Pseudanabaenales,Pseudanabaenaceae,Pseudanabaena_PCC-7429,3.31E-05,3.163057255,3,Cyanobacteria|Pseudanabaena_PCC-7429,0.06053268765
Otu00051,LC-5m-E1,244,5,86666.66667,Bacteria,Cyanobacteria,Oxyphotobacteria,Chloroplast,Chloroplast_fa,Chloroplast_ge,0.01728167717,1497.745355,1498,Cyanobacteria|Chloroplast_ge,34.31786217
Otu00042,LC-5m-E1,170,5,86666.66667,Bacteria,Cyanobacteria,Oxyphotobacteria,Chloroplast,Chloroplast_fa,Chloroplast_ge,0.01204051278,1043.511108,1044,Cyanobacteria|Chloroplast_ge,23.90998594
Otu00143,LC-5m-E1,119,5,86666.66667,Bacteria,Cyanobacteria,Oxyphotobacteria,Chloroplast,Chloroplast_fa,Chloroplast_ge,0.008428358949,730.4577756,730,Cyanobacteria|Chloroplast_ge,16.73699015
Otu00008,LC-5m-E1,114,5,86666.66667,Bacteria,Cyanobacteria,Oxyphotobacteria,Oxyphotobacteria_unclassified,Oxyphotobacteria_unclassified,Oxyphotobacteria_unclassified,0.00807422622,699.7662724,700,Cyanobacteria|Oxyphotobacteria_unclassified,16.03375527
Otu00106,LC-5m-E1,32,5,86666.66667,Bacteria,Cyanobacteria,Oxyphotobacteria,Synechococcales,Cyanobiaceae,Cyanobium_PCC-6307,0.002266449465,196.4256203,196,Cyanobacteria|Cyanobium_PCC-6307,4.500703235
Otu00208,LC-5m-E1,12,5,86666.66667,Bacteria,Cyanobacteria,Oxyphotobacteria,Chloroplast,Chloroplast_fa,Chloroplast_ge,0.0008499185495,73.65960762,74,Cyanobacteria|Chloroplast_ge,1.687763713
Otu00410,LC-5m-E1,7,5,86666.66667,Bacteria,Cyanobacteria,Oxyphotobacteria,Chloroplast,Chloroplast_fa,Chloroplast_ge,0.0004957858205,42.96810445,43,Cyanobacteria|Chloroplast_ge,0.9845288326
Otu00299,LC-5m-E1,4,5,86666.66667,Bacteria,Cyanobacteria,Oxyphotobacteria,Chloroplast,Chloroplast_fa,Chloroplast_ge,0.0002833061832,24.55320254,25,Cyanobacteria|Chloroplast_ge,0.5625879044
Otu00440,LC-5m-E1,3,5,86666.66667,Bacteria,Cyanobacteria,Oxyphotobacteria,Chloroplast,Chloroplast_fa,Chloroplast_ge,0.0002124796374,18.41490191,18,Cyanobacteria|Chloroplast_ge,0.4219409283
Otu00006,LC-5m-E1,2,5,86666.66667,Bacteria,Cyanobacteria,Oxyphotobacteria,Chloroplast,Chloroplast_fa,Chloroplast_ge,0.0001416530916,12.27660127,12,Cyanobacteria|Chloroplast_ge,0.2812939522
Otu00055,LC-5m-E1,2,5,86666.66667,Bacteria,Cyanobacteria,Oxyphotobacteria,Chloroplast,Chloroplast_fa,Chloroplast_ge,0.0001416530916,12.27660127,12,Cyanobacteria|Chloroplast_ge,0.2812939522
Otu00033,LC-5m-E1,1,5,86666.66667,Bacteria,Cyanobacteria,Oxyphotobacteria,Chloroplast,Chloroplast_fa,Chloroplast_ge,7.08E-05,6.138300635,6,Cyanobacteria|Chloroplast_ge,0.1406469761
Otu00421,LC-5m-E1,1,5,86666.66667,Bacteria,Cyanobacteria,Oxyphotobacteria,Chloroplast,Chloroplast_fa,Chloroplast_ge,7.08E-05,6.138300635,6,Cyanobacteria|Chloroplast_ge,0.1406469761
Otu00008,Cadagno7m-E2,2514,7,157333.3333,Bacteria,Cyanobacteria,Oxyphotobacteria,Oxyphotobacteria_unclassified,Oxyphotobacteria_unclassified,Oxyphotobacteria_unclassified,0.1102099864,17339.70452,17340,Cyanobacteria|Oxyphotobacteria_unclassified,89.97852541
Otu00051,Cadagno7m-E2,129,7,157333.3333,Bacteria,Cyanobacteria,Oxyphotobacteria,Chloroplast,Chloroplast_fa,Chloroplast_ge,0.005655166367,889.7461749,890,Cyanobacteria|Chloroplast_ge,4.617036507
Otu00042,Cadagno7m-E2,76,7,157333.3333,Bacteria,Cyanobacteria,Oxyphotobacteria,Chloroplast,Chloroplast_fa,Chloroplast_ge,0.003331725922,524.1915449,524,Cyanobacteria|Chloroplast_ge,2.720114531
Otu00208,Cadagno7m-E2,36,7,157333.3333,Bacteria,Cyanobacteria,Oxyphotobacteria,Chloroplast,Chloroplast_fa,Chloroplast_ge,0.001578185963,248.3012581,248,Cyanobacteria|Chloroplast_ge,1.288475304
Otu00299,Cadagno7m-E2,14,7,157333.3333,Bacteria,Cyanobacteria,Oxyphotobacteria,Chloroplast,Chloroplast_fa,Chloroplast_ge,0.0006137389856,96.56160038,97,Cyanobacteria|Chloroplast_ge,0.5010737294
Otu00055,Cadagno7m-E2,9,7,157333.3333,Bacteria,Cyanobacteria,Oxyphotobacteria,Chloroplast,Chloroplast_fa,Chloroplast_ge,0.0003945464907,62.07531453,62,Cyanobacteria|Chloroplast_ge,0.3221188261
Otu00033,Cadagno7m-E2,5,7,157333.3333,Bacteria,Cyanobacteria,Oxyphotobacteria,Chloroplast,Chloroplast_fa,Chloroplast_ge,0.0002191924948,34.48628585,34,Cyanobacteria|Chloroplast_ge,0.1789549034
Otu00440,Cadagno7m-E2,4,7,157333.3333,Bacteria,Cyanobacteria,Oxyphotobacteria,Chloroplast,Chloroplast_fa,Chloroplast_ge,0.0001753539959,27.58902868,28,Cyanobacteria|Chloroplast_ge,0.1431639227
Otu00006,Cadagno7m-E2,3,7,157333.3333,Bacteria,Cyanobacteria,Oxyphotobacteria,Chloroplast,Chloroplast_fa,Chloroplast_ge,0.0001315154969,20.69177151,21,Cyanobacteria|Chloroplast_ge,0.107372942
Otu00106,Cadagno7m-E2,2,7,157333.3333,Bacteria,Cyanobacteria,Oxyphotobacteria,Synechococcales,Cyanobiaceae,Cyanobium_PCC-6307,8.77E-05,13.79451434,14,Cyanobacteria|Cyanobium_PCC-6307,0.07158196135
Otu00342,Cadagno7m-E2,1,7,157333.3333,Bacteria,Cyanobacteria,Oxyphotobacteria,Oxyphotobacteria_unclassified,Oxyphotobacteria_unclassified,Oxyphotobacteria_unclassified,4.38E-05,6.89725717,7,Cyanobacteria|Oxyphotobacteria_unclassified,0.03579098067
Otu00421,Cadagno7m-E2,1,7,157333.3333,Bacteria,Cyanobacteria,Oxyphotobacteria,Chloroplast,Chloroplast_fa,Chloroplast_ge,4.38E-05,6.89725717,7,Cyanobacteria|Chloroplast_ge,0.03579098067
Otu00008,LC-9m-E1,565,9,73000,Bacteria,Cyanobacteria,Oxyphotobacteria,Oxyphotobacteria_unclassified,Oxyphotobacteria_unclassified,Oxyphotobacteria_unclassified,0.02479919238,1810.341044,1810,Cyanobacteria|Oxyphotobacteria_unclassified,47.35959765
Otu00051,LC-9m-E1,347,9,73000,Bacteria,Cyanobacteria,Oxyphotobacteria,Chloroplast,Chloroplast_fa,Chloroplast_ge,0.01523065444,1111.837774,1112,Cyanobacteria|Chloroplast_ge,29.08633697
Otu00042,LC-9m-E1,165,9,73000,Bacteria,Cyanobacteria,Oxyphotobacteria,Chloroplast,Chloroplast_fa,Chloroplast_ge,0.007242242023,528.6836676,529,Cyanobacteria|Chloroplast_ge,13.83067896
Otu00106,LC-9m-E1,42,9,73000,Bacteria,Cyanobacteria,Oxyphotobacteria,Synechococcales,Cyanobiaceae,Cyanobium_PCC-6307,0.001843479788,134.5740245,135,Cyanobacteria|Cyanobium_PCC-6307,3.520536463
Otu00208,LC-9m-E1,29,9,73000,Bacteria,Cyanobacteria,Oxyphotobacteria,Chloroplast,Chloroplast_fa,Chloroplast_ge,0.001272878901,92.92015977,93,Cyanobacteria|Chloroplast_ge,2.430846605
Otu00410,LC-9m-E1,9,9,73000,Bacteria,Cyanobacteria,Oxyphotobacteria,Chloroplast,Chloroplast_fa,Chloroplast_ge,0.000395031383,28.83729096,29,Cyanobacteria|Chloroplast_ge,0.7544006706
Otu00421,LC-9m-E1,9,9,73000,Bacteria,Cyanobacteria,Oxyphotobacteria,Chloroplast,Chloroplast_fa,Chloroplast_ge,0.000395031383,28.83729096,29,Cyanobacteria|Chloroplast_ge,0.7544006706
Otu00033,LC-9m-E1,7,9,73000,Bacteria,Cyanobacteria,Oxyphotobacteria,Chloroplast,Chloroplast_fa,Chloroplast_ge,0.0003072466313,22.42900408,22,Cyanobacteria|Chloroplast_ge,0.5867560771
Otu00440,LC-9m-E1,6,9,73000,Bacteria,Cyanobacteria,Oxyphotobacteria,Chloroplast,Chloroplast_fa,Chloroplast_ge,0.0002633542554,19.22486064,19,Cyanobacteria|Chloroplast_ge,0.5029337804
Otu00143,LC-9m-E1,5,9,73000,Bacteria,Cyanobacteria,Oxyphotobacteria,Chloroplast,Chloroplast_fa,Chloroplast_ge,0.0002194618795,16.0207172,16,Cyanobacteria|Chloroplast_ge,0.4191114837
Otu00299,LC-9m-E1,5,9,73000,Bacteria,Cyanobacteria,Oxyphotobacteria,Chloroplast,Chloroplast_fa,Chloroplast_ge,0.0002194618795,16.0207172,16,Cyanobacteria|Chloroplast_ge,0.4191114837
Otu00055,LC-9m-E1,3,9,73000,Bacteria,Cyanobacteria,Oxyphotobacteria,Chloroplast,Chloroplast_fa,Chloroplast_ge,0.0001316771277,9.612430321,10,Cyanobacteria|Chloroplast_ge,0.2514668902
Otu00006,LC-9m-E1,1,9,73000,Bacteria,Cyanobacteria,Oxyphotobacteria,Chloroplast,Chloroplast_fa,Chloroplast_ge,4.39E-05,3.20414344,3,Cyanobacteria|Chloroplast_ge,0.08382229673
Otu00008,LC-11m-E1,1827,11,104333.3333,Bacteria,Cyanobacteria,Oxyphotobacteria,Oxyphotobacteria_unclassified,Oxyphotobacteria_unclassified,Oxyphotobacteria_unclassified,0.07388086862,7708.23729,7708,Cyanobacteria|Oxyphotobacteria_unclassified,38.45506209
Otu00055,LC-11m-E1,1503,11,104333.3333,Bacteria,Cyanobacteria,Oxyphotobacteria,Chloroplast,Chloroplast_fa,Chloroplast_ge,0.06077884265,6341.259248,6341,Cyanobacteria|Chloroplast_ge,31.63544517
Otu00042,LC-11m-E1,1023,11,104333.3333,Bacteria,Cyanobacteria,Oxyphotobacteria,Chloroplast,Chloroplast_fa,Chloroplast_ge,0.04136843382,4316.106594,4316,Cyanobacteria|Chloroplast_ge,21.53230899
Otu00051,LC-11m-E1,305,11,104333.3333,Bacteria,Cyanobacteria,Oxyphotobacteria,Chloroplast,Chloroplast_fa,Chloroplast_ge,0.01233369728,1286.815749,1287,Cyanobacteria|Chloroplast_ge,6.419701116
Otu00006,LC-11m-E1,35,11,104333.3333,Bacteria,Cyanobacteria,Oxyphotobacteria,Chloroplast,Chloroplast_fa,Chloroplast_ge,0.001415342311,147.667381,148,Cyanobacteria|Chloroplast_ge,0.7366870133
Otu00033,LC-11m-E1,20,11,104333.3333,Bacteria,Cyanobacteria,Oxyphotobacteria,Chloroplast,Chloroplast_fa,Chloroplast_ge,0.0008087670347,84.38136059,84,Cyanobacteria|Chloroplast_ge,0.4209640076
Otu00299,LC-11m-E1,19,11,104333.3333,Bacteria,Cyanobacteria,Oxyphotobacteria,Chloroplast,Chloroplast_fa,Chloroplast_ge,0.0007683286829,80.16229256,80,Cyanobacteria|Chloroplast_ge,0.3999158072
Otu00421,LC-11m-E1,10,11,104333.3333,Bacteria,Cyanobacteria,Oxyphotobacteria,Chloroplast,Chloroplast_fa,Chloroplast_ge,0.0004043835173,42.19068029,42,Cyanobacteria|Chloroplast_ge,0.2104820038
Otu00208,LC-11m-E1,4,11,104333.3333,Bacteria,Cyanobacteria,Oxyphotobacteria,Chloroplast,Chloroplast_fa,Chloroplast_ge,0.0001617534069,16.87627212,17,Cyanobacteria|Chloroplast_ge,0.08419280152
Otu00440,LC-11m-E1,4,11,104333.3333,Bacteria,Cyanobacteria,Oxyphotobacteria,Chloroplast,Chloroplast_fa,Chloroplast_ge,0.0001617534069,16.87627212,17,Cyanobacteria|Chloroplast_ge,0.08419280152
Otu00342,LC-11m-E1,1,11,104333.3333,Bacteria,Cyanobacteria,Oxyphotobacteria,Oxyphotobacteria_unclassified,Oxyphotobacteria_unclassified,Oxyphotobacteria_unclassified,4.04E-05,4.219068029,4,Cyanobacteria|Oxyphotobacteria_unclassified,0.02104820038
Otu00006,LC-13m-E1,2627,13,95333.33333,Bacteria,Cyanobacteria,Oxyphotobacteria,Chloroplast,Chloroplast_fa,Chloroplast_ge,0.1572583059,14991.95849,14992,Cyanobacteria|Chloroplast_ge,64.10444119
Otu00033,LC-13m-E1,866,13,95333.33333,Bacteria,Cyanobacteria,Oxyphotobacteria,Chloroplast,Chloroplast_fa,Chloroplast_ge,0.05184076624,4942.153048,4942,Cyanobacteria|Chloroplast_ge,21.13225964
Otu00042,LC-13m-E1,462,13,95333.33333,Bacteria,Cyanobacteria,Oxyphotobacteria,Chloroplast,Chloroplast_fa,Chloroplast_ge,0.0276563903,2636.575875,2637,Cyanobacteria|Chloroplast_ge,11.27379209
Otu00008,LC-13m-E1,38,13,95333.33333,Bacteria,Cyanobacteria,Oxyphotobacteria,Oxyphotobacteria_unclassified,Oxyphotobacteria_unclassified,Oxyphotobacteria_unclassified,0.002274768034,216.8612192,217,Cyanobacteria|Oxyphotobacteria_unclassified,0.9272816008
Otu00051,LC-13m-E1,38,13,95333.33333,Bacteria,Cyanobacteria,Oxyphotobacteria,Chloroplast,Chloroplast_fa,Chloroplast_ge,0.002274768034,216.8612192,217,Cyanobacteria|Chloroplast_ge,0.9272816008
Otu00323,LC-13m-E1,20,13,95333.33333,Bacteria,Cyanobacteria,Oxyphotobacteria,Oxyphotobacteria_unclassified,Oxyphotobacteria_unclassified,Oxyphotobacteria_unclassified,0.001197246333,114.1374838,114,Cyanobacteria|Oxyphotobacteria_unclassified,0.4880429478
Otu00208,LC-13m-E1,18,13,95333.33333,Bacteria,Cyanobacteria,Oxyphotobacteria,Chloroplast,Chloroplast_fa,Chloroplast_ge,0.0010775217,102.7237354,103,Cyanobacteria|Chloroplast_ge,0.439238653
Otu00421,LC-13m-E1,11,13,95333.33333,Bacteria,Cyanobacteria,Oxyphotobacteria,Chloroplast,Chloroplast_fa,Chloroplast_ge,0.0006584854834,62.77561608,63,Cyanobacteria|Chloroplast_ge,0.2684236213
Otu00052,LC-13m-E1,6,13,95333.33333,Bacteria,Cyanobacteria,Oxyphotobacteria,Chloroplast,Chloroplast_fa,Chloroplast_ge,0.0003591739,34.24124513,34,Cyanobacteria|Chloroplast_ge,0.1464128843
Otu00342,LC-13m-E1,4,13,95333.33333,Bacteria,Cyanobacteria,Oxyphotobacteria,Oxyphotobacteria_unclassified,Oxyphotobacteria_unclassified,Oxyphotobacteria_unclassified,0.0002394492667,22.82749676,23,Cyanobacteria|Oxyphotobacteria_unclassified,0.09760858956
Otu00286,LC-13m-E1,3,13,95333.33333,Bacteria,Cyanobacteria,Oxyphotobacteria,Pseudanabaenales,Pseudanabaenaceae,Pseudanabaena_PCC-7429,0.00017958695,17.12062257,17,Cyanobacteria|Pseudanabaena_PCC-7429,0.07320644217
Otu00055,LC-13m-E1,2,13,95333.33333,Bacteria,Cyanobacteria,Oxyphotobacteria,Chloroplast,Chloroplast_fa,Chloroplast_ge,0.0001197246333,11.41374838,11,Cyanobacteria|Chloroplast_ge,0.04880429478
Otu00475,LC-13m-E1,2,13,95333.33333,Bacteria,Cyanobacteria,Melainabacteria,Gastranaerophilales,Gastranaerophilales_fa,Gastranaerophilales_ge,0.0001197246333,11.41374838,11,Cyanobacteria|Gastranaerophilales_ge,0.04880429478
Otu00440,LC-13m-E1,1,13,95333.33333,Bacteria,Cyanobacteria,Oxyphotobacteria,Chloroplast,Chloroplast_fa,Chloroplast_ge,5.99E-05,5.706874189,6,Cyanobacteria|Chloroplast_ge,0.02440214739
Otu00006,Cadagno15m-E2,806,15,905000,Bacteria,Cyanobacteria,Oxyphotobacteria,Chloroplast,Chloroplast_fa,Chloroplast_ge,0.041274068,37353.03154,37353,Cyanobacteria|Chloroplast_ge,56.64089951
Otu00052,Cadagno15m-E2,338,15,905000,Bacteria,Cyanobacteria,Oxyphotobacteria,Chloroplast,Chloroplast_fa,Chloroplast_ge,0.01730848013,15664.17452,15664,Cyanobacteria|Chloroplast_ge,23.75263528
Otu00033,Cadagno15m-E2,216,15,905000,Bacteria,Cyanobacteria,Oxyphotobacteria,Chloroplast,Chloroplast_fa,Chloroplast_ge,0.01106104056,10010.2417,10010,Cyanobacteria|Chloroplast_ge,15.17919888
Otu00042,Cadagno15m-E2,39,15,905000,Bacteria,Cyanobacteria,Oxyphotobacteria,Chloroplast,Chloroplast_fa,Chloroplast_ge,0.001997132323,1807.404752,1807,Cyanobacteria|Chloroplast_ge,2.740688686
Otu00323,Cadagno15m-E2,10,15,905000,Bacteria,Cyanobacteria,Oxyphotobacteria,Oxyphotobacteria_unclassified,Oxyphotobacteria_unclassified,Oxyphotobacteria_unclassified,0.000512085211,463.4371159,463,Cyanobacteria|Oxyphotobacteria_unclassified,0.7027406887
Otu00286,Cadagno15m-E2,6,15,905000,Bacteria,Cyanobacteria,Oxyphotobacteria,Pseudanabaenales,Pseudanabaenaceae,Pseudanabaena_PCC-7429,0.0003072511266,278.0622696,278,Cyanobacteria|Pseudanabaena_PCC-7429,0.4216444132
Otu00475,Cadagno15m-E2,5,15,905000,Bacteria,Cyanobacteria,Melainabacteria,Gastranaerophilales,Gastranaerophilales_fa,Gastranaerophilales_ge,0.0002560426055,231.718558,232,Cyanobacteria|Gastranaerophilales_ge,0.3513703443
Otu00106,Cadagno15m-E2,2,15,905000,Bacteria,Cyanobacteria,Oxyphotobacteria,Synechococcales,Cyanobiaceae,Cyanobium_PCC-6307,0.0001024170422,92.68742319,93,Cyanobacteria|Cyanobium_PCC-6307,0.1405481377
Otu00342,Cadagno15m-E2,1,15,905000,Bacteria,Cyanobacteria,Oxyphotobacteria,Oxyphotobacteria_unclassified,Oxyphotobacteria_unclassified,Oxyphotobacteria_unclassified,5.12E-05,46.34371159,46,Cyanobacteria|Oxyphotobacteria_unclassified,0.07027406887
Otu00006,LC-15point5m-E1,322,15.5,585000,Bacteria,Cyanobacteria,Oxyphotobacteria,Chloroplast,Chloroplast_fa,Chloroplast_ge,0.04596716631,26890.79229,26891,Cyanobacteria|Chloroplast_ge,71.55555556
Otu00033,LC-15point5m-E1,101,15.5,585000,Bacteria,Cyanobacteria,Oxyphotobacteria,Chloroplast,Chloroplast_fa,Chloroplast_ge,0.01441827266,8434.689507,8435,Cyanobacteria|Chloroplast_ge,22.44444444
Otu00052,LC-15point5m-E1,16,15.5,585000,Bacteria,Cyanobacteria,Oxyphotobacteria,Chloroplast,Chloroplast_fa,Chloroplast_ge,0.002284082798,1336.188437,1336,Cyanobacteria|Chloroplast_ge,3.555555556
Otu00286,LC-15point5m-E1,4,15.5,585000,Bacteria,Cyanobacteria,Oxyphotobacteria,Pseudanabaenales,Pseudanabaenaceae,Pseudanabaena_PCC-7429,0.0005710206995,334.0471092,334,Cyanobacteria|Pseudanabaena_PCC-7429,0.8888888889
Otu00323,LC-15point5m-E1,4,15.5,585000,Bacteria,Cyanobacteria,Oxyphotobacteria,Oxyphotobacteria_unclassified,Oxyphotobacteria_unclassified,Oxyphotobacteria_unclassified,0.0005710206995,334.0471092,334,Cyanobacteria|Oxyphotobacteria_unclassified,0.8888888889
Otu00475,LC-15point5m-E1,2,15.5,585000,Bacteria,Cyanobacteria,Melainabacteria,Gastranaerophilales,Gastranaerophilales_fa,Gastranaerophilales_ge,0.0002855103498,167.0235546,167,Cyanobacteria|Gastranaerophilales_ge,0.4444444444
Otu00342,LC-15point5m-E1,1,15.5,585000,Bacteria,Cyanobacteria,Oxyphotobacteria,Oxyphotobacteria_unclassified,Oxyphotobacteria_unclassified,Oxyphotobacteria_unclassified,0.0001427551749,83.5117773,84,Cyanobacteria|Oxyphotobacteria_unclassified,0.2222222222
Otu00006,LC-17m-E1,1918,17,434666.6667,Bacteria,Cyanobacteria,Oxyphotobacteria,Chloroplast,Chloroplast_fa,Chloroplast_ge,0.1126446232,48962.86291,48963,Cyanobacteria|Chloroplast_ge,83.79204893
Otu00033,LC-17m-E1,317,17,434666.6667,Bacteria,Cyanobacteria,Oxyphotobacteria,Chloroplast,Chloroplast_fa,Chloroplast_ge,0.01861748987,8092.402264,8092,Cyanobacteria|Chloroplast_ge,13.84884229
Otu00286,LC-17m-E1,16,17,434666.6667,Bacteria,Cyanobacteria,Oxyphotobacteria,Pseudanabaenales,Pseudanabaenaceae,Pseudanabaena_PCC-7429,0.0009396840312,408.4493256,408,Cyanobacteria|Pseudanabaena_PCC-7429,0.6989951944
Otu00323,LC-17m-E1,9,17,434666.6667,Bacteria,Cyanobacteria,Oxyphotobacteria,Oxyphotobacteria_unclassified,Oxyphotobacteria_unclassified,Oxyphotobacteria_unclassified,0.0005285722676,229.7527457,230,Cyanobacteria|Oxyphotobacteria_unclassified,0.3931847969
Otu00052,LC-17m-E1,7,17,434666.6667,Bacteria,Cyanobacteria,Oxyphotobacteria,Chloroplast,Chloroplast_fa,Chloroplast_ge,0.0004111117637,178.69658,179,Cyanobacteria|Chloroplast_ge,0.3058103976
Otu00342,LC-17m-E1,7,17,434666.6667,Bacteria,Cyanobacteria,Oxyphotobacteria,Oxyphotobacteria_unclassified,Oxyphotobacteria_unclassified,Oxyphotobacteria_unclassified,0.0004111117637,178.69658,179,Cyanobacteria|Oxyphotobacteria_unclassified,0.3058103976
Otu00475,LC-17m-E1,7,17,434666.6667,Bacteria,Cyanobacteria,Melainabacteria,Gastranaerophilales,Gastranaerophilales_fa,Gastranaerophilales_ge,0.0004111117637,178.69658,179,Cyanobacteria|Gastranaerophilales_ge,0.3058103976
Otu00042,LC-17m-E1,5,17,434666.6667,Bacteria,Cyanobacteria,Oxyphotobacteria,Chloroplast,Chloroplast_fa,Chloroplast_ge,0.0002936512598,127.6404143,128,Cyanobacteria|Chloroplast_ge,0.2184359983
Otu00008,LC-17m-E1,1,17,434666.6667,Bacteria,Cyanobacteria,Oxyphotobacteria,Oxyphotobacteria_unclassified,Oxyphotobacteria_unclassified,Oxyphotobacteria_unclassified,5.87E-05,25.52808285,26,Cyanobacteria|Oxyphotobacteria_unclassified,0.04368719965
Otu00106,LC-17m-E1,1,17,434666.6667,Bacteria,Cyanobacteria,Oxyphotobacteria,Synechococcales,Cyanobiaceae,Cyanobium_PCC-6307,5.87E-05,25.52808285,26,Cyanobacteria|Cyanobium_PCC-6307,0.04368719965
Otu00421,LC-17m-E1,1,17,434666.6667,Bacteria,Cyanobacteria,Oxyphotobacteria,Chloroplast,Chloroplast_fa,Chloroplast_ge,5.87E-05,25.52808285,26,Cyanobacteria|Chloroplast_ge,0.04368719965
Otu00006,LC-19m-E1,1530,19,397000,Bacteria,Cyanobacteria,Oxyphotobacteria,Chloroplast,Chloroplast_fa,Chloroplast_ge,0.08885533422,35275.56769,35276,Cyanobacteria|Chloroplast_ge,88.95348837
Otu00033,LC-19m-E1,135,19,397000,Bacteria,Cyanobacteria,Oxyphotobacteria,Chloroplast,Chloroplast_fa,Chloroplast_ge,0.007840176549,3112.55009,3113,Cyanobacteria|Chloroplast_ge,7.848837209
Otu00286,LC-19m-E1,21,19,397000,Bacteria,Cyanobacteria,Oxyphotobacteria,Pseudanabaenales,Pseudanabaenaceae,Pseudanabaena_PCC-7429,0.001219583019,484.1744584,484,Cyanobacteria|Pseudanabaena_PCC-7429,1.220930233
Otu00323,LC-19m-E1,9,19,397000,Bacteria,Cyanobacteria,Oxyphotobacteria,Oxyphotobacteria_unclassified,Oxyphotobacteria_unclassified,Oxyphotobacteria_unclassified,0.0005226784366,207.5033393,208,Cyanobacteria|Oxyphotobacteria_unclassified,0.523255814
Otu00342,LC-19m-E1,9,19,397000,Bacteria,Cyanobacteria,Oxyphotobacteria,Oxyphotobacteria_unclassified,Oxyphotobacteria_unclassified,Oxyphotobacteria_unclassified,0.0005226784366,207.5033393,208,Cyanobacteria|Oxyphotobacteria_unclassified,0.523255814
Otu00475,LC-19m-E1,6,19,397000,Bacteria,Cyanobacteria,Melainabacteria,Gastranaerophilales,Gastranaerophilales_fa,Gastranaerophilales_ge,0.0003484522911,138.3355596,138,Cyanobacteria|Gastranaerophilales_ge,0.3488372093
Otu00052,LC-19m-E1,3,19,397000,Bacteria,Cyanobacteria,Oxyphotobacteria,Chloroplast,Chloroplast_fa,Chloroplast_ge,0.0001742261455,69.16777978,69,Cyanobacteria|Chloroplast_ge,0.1744186047
Otu00106,LC-19m-E1,3,19,397000,Bacteria,Cyanobacteria,Oxyphotobacteria,Synechococcales,Cyanobiaceae,Cyanobium_PCC-6307,0.0001742261455,69.16777978,69,Cyanobacteria|Cyanobium_PCC-6307,0.1744186047
Otu00208,LC-19m-E1,2,19,397000,Bacteria,Cyanobacteria,Oxyphotobacteria,Chloroplast,Chloroplast_fa,Chloroplast_ge,0.0001161507637,46.11185319,46,Cyanobacteria|Chloroplast_ge,0.1162790698
Otu00008,LC-19m-E1,1,19,397000,Bacteria,Cyanobacteria,Oxyphotobacteria,Oxyphotobacteria_unclassified,Oxyphotobacteria_unclassified,Oxyphotobacteria_unclassified,5.81E-05,23.05592659,23,Cyanobacteria|Oxyphotobacteria_unclassified,0.05813953488
Otu00042,LC-19m-E1,1,19,397000,Bacteria,Cyanobacteria,Oxyphotobacteria,Chloroplast,Chloroplast_fa,Chloroplast_ge,5.81E-05,23.05592659,23,Cyanobacteria|Chloroplast_ge,0.05813953488