"","OTU","Sample","Abundance","depth_m","avg_cells_ml","Kingdom","Phylum","Class","Order","Family","Genus","OTU_RA","AA_Arch_Bac","AA_Arch_Bac_roundof","TAX"
"1","Otu00276","LC-17m-E1",22,17,434666.6667,"Archaea","Euryarchaeota","Methanomicrobia","Methanomicrobiales","Methanoregulaceae","Methanoregula",0.00129206554296118,561.617822716861,562,"Euryarchaeota|Methanoregula"
"2","Otu00276","LC-19m-E1",18,19,397000,"Archaea","Euryarchaeota","Methanomicrobia","Methanomicrobiales","Methanoregulaceae","Methanoregula",0.00104535687322144,415.006678668912,415,"Euryarchaeota|Methanoregula"
"3","Otu00326","LC-17m-E1",15,17,434666.6667,"Archaea","Nanoarchaeaeota","Woesearchaeia","Woesearchaeia_or","Woesearchaeia_fa","Woesearchaeia_ge",0.000880953779291713,382.921242761496,383,"Nanoarchaeaeota|Woesearchaeia_ge"
"4","Otu00276","LC-15point5m-E1",10,15.5,585000,"Archaea","Euryarchaeota","Methanomicrobia","Methanomicrobiales","Methanoregulaceae","Methanoregula",0.00142755174875089,835.117773019272,835,"Euryarchaeota|Methanoregula"
"5","Otu00326","LC-19m-E1",7,19,397000,"Archaea","Nanoarchaeaeota","Woesearchaeia","Woesearchaeia_or","Woesearchaeia_fa","Woesearchaeia_ge",0.000406527672919449,161.391486149021,161,"Nanoarchaeaeota|Woesearchaeia_ge"
"6","Otu00434","LC-19m-E1",7,19,397000,"Archaea","Nanoarchaeaeota","Woesearchaeia","Woesearchaeia_or","Woesearchaeia_fa","Woesearchaeia_ge",0.000406527672919449,161.391486149021,161,"Nanoarchaeaeota|Woesearchaeia_ge"
"7","Otu00473","LC-19m-E1",6,19,397000,"Archaea","Nanoarchaeaeota","Woesearchaeia","Woesearchaeia_or","Woesearchaeia_fa","Woesearchaeia_ge",0.000348452291073814,138.335559556304,138,"Nanoarchaeaeota|Woesearchaeia_ge"
"8","Otu00276","Cadagno15m-E2",5,15,905000,"Archaea","Euryarchaeota","Methanomicrobia","Methanomicrobiales","Methanoregulaceae","Methanoregula",0.000256042605489553,231.718557968046,232,"Euryarchaeota|Methanoregula"
"9","Otu00326","LC-9m-E1",5,9,73000,"Archaea","Nanoarchaeaeota","Woesearchaeia","Woesearchaeia_or","Woesearchaeia_fa","Woesearchaeia_ge",0.000219461879471536,16.0207172014221,16,"Nanoarchaeaeota|Woesearchaeia_ge"
"10","Otu00434","LC-17m-E1",5,17,434666.6667,"Archaea","Nanoarchaeaeota","Woesearchaeia","Woesearchaeia_or","Woesearchaeia_fa","Woesearchaeia_ge",0.000293651259763904,127.640414253832,128,"Nanoarchaeaeota|Woesearchaeia_ge"
"11","Otu00326","Cadagno15m-E2",4,15,905000,"Archaea","Nanoarchaeaeota","Woesearchaeia","Woesearchaeia_or","Woesearchaeia_fa","Woesearchaeia_ge",0.000204834084391643,185.374846374437,185,"Nanoarchaeaeota|Woesearchaeia_ge"
"12","Otu00519","LC-17m-E1",4,17,434666.6667,"Archaea","Nanoarchaeaeota","Woesearchaeia","Woesearchaeia_or","Woesearchaeia_fa","Woesearchaeia_ge",0.000234921007811124,102.112331403066,102,"Nanoarchaeaeota|Woesearchaeia_ge"
"13","Otu00537","LC-17m-E1",4,17,434666.6667,"Archaea","Archaea_unclassified","Archaea_unclassified","Archaea_unclassified","Archaea_unclassified","Archaea_unclassified",0.000234921007811124,102.112331403066,102,"Archaea_unclassified|Archaea_unclassified"
"14","Otu01036","LC-19m-E1",4,19,397000,"Archaea","Nanoarchaeaeota","Nanoarchaeaeota_unclassified","Nanoarchaeaeota_unclassified","Nanoarchaeaeota_unclassified","Nanoarchaeaeota_unclassified",0.000232301527382543,92.2237063708694,92,"Nanoarchaeaeota|Nanoarchaeaeota_unclassified"
"15","Otu00326","LC-15point5m-E1",3,15.5,585000,"Archaea","Nanoarchaeaeota","Woesearchaeia","Woesearchaeia_or","Woesearchaeia_fa","Woesearchaeia_ge",0.000428265524625268,250.535331905782,251,"Nanoarchaeaeota|Woesearchaeia_ge"
"16","Otu00537","LC-15point5m-E1",3,15.5,585000,"Archaea","Archaea_unclassified","Archaea_unclassified","Archaea_unclassified","Archaea_unclassified","Archaea_unclassified",0.000428265524625268,250.535331905782,251,"Archaea_unclassified|Archaea_unclassified"
"17","Otu00639","LC-19m-E1",3,19,397000,"Archaea","Nanoarchaeaeota","Woesearchaeia","Woesearchaeia_or","Woesearchaeia_fa","Woesearchaeia_ge",0.000174226145536907,69.167779778152,69,"Nanoarchaeaeota|Woesearchaeia_ge"
"18","Otu00751","LC-19m-E1",3,19,397000,"Archaea","Nanoarchaeaeota","Woesearchaeia","Woesearchaeia_or","Woesearchaeia_fa","Woesearchaeia_ge",0.000174226145536907,69.167779778152,69,"Nanoarchaeaeota|Woesearchaeia_ge"
"19","Otu00754","LC-17m-E1",3,17,434666.6667,"Archaea","Nanoarchaeaeota","Woesearchaeia","Woesearchaeia_or","Woesearchaeia_fa","Woesearchaeia_ge",0.000176190755858343,76.5842485522993,77,"Nanoarchaeaeota|Woesearchaeia_ge"
"20","Otu01084","LC-3m-E1",3,3,95666.66667,"Archaea","Nanoarchaeaeota","Woesearchaeia","Woesearchaeia_or","Woesearchaeia_fa","Woesearchaeia_ge",9.91899487518598e-05,9.48917176425855,9,"Nanoarchaeaeota|Woesearchaeia_ge"
"21","Otu01086","LC-17m-E1",3,17,434666.6667,"Archaea","Nanoarchaeaeota","Woesearchaeia","Woesearchaeia_or","Woesearchaeia_fa","Woesearchaeia_ge",0.000176190755858343,76.5842485522993,77,"Nanoarchaeaeota|Woesearchaeia_ge"
"22","Otu01367","LC-17m-E1",3,17,434666.6667,"Archaea","Nanoarchaeaeota","Nanoarchaeaeota_unclassified","Nanoarchaeaeota_unclassified","Nanoarchaeaeota_unclassified","Nanoarchaeaeota_unclassified",0.000176190755858343,76.5842485522993,77,"Nanoarchaeaeota|Nanoarchaeaeota_unclassified"
"23","Otu01368","LC-19m-E1",3,19,397000,"Archaea","Nanoarchaeaeota","Nanoarchaeaeota_unclassified","Nanoarchaeaeota_unclassified","Nanoarchaeaeota_unclassified","Nanoarchaeaeota_unclassified",0.000174226145536907,69.167779778152,69,"Nanoarchaeaeota|Nanoarchaeaeota_unclassified"
"24","Otu01385","LC-19m-E1",3,19,397000,"Archaea","Nanoarchaeaeota","Woesearchaeia","Woesearchaeia_or","Woesearchaeia_fa","Woesearchaeia_ge",0.000174226145536907,69.167779778152,69,"Nanoarchaeaeota|Woesearchaeia_ge"
"25","Otu01387","LC-17m-E1",3,17,434666.6667,"Archaea","Nanoarchaeaeota","Woesearchaeia","Woesearchaeia_or","Woesearchaeia_fa","Woesearchaeia_ge",0.000176190755858343,76.5842485522993,77,"Nanoarchaeaeota|Woesearchaeia_ge"
"26","Otu01393","LC-17m-E1",3,17,434666.6667,"Archaea","Nanoarchaeaeota","Woesearchaeia","Woesearchaeia_or","Woesearchaeia_fa","Woesearchaeia_ge",0.000176190755858343,76.5842485522993,77,"Nanoarchaeaeota|Woesearchaeia_ge"
"27","Otu01415","LC-19m-E1",3,19,397000,"Archaea","Nanoarchaeaeota","Woesearchaeia","Woesearchaeia_or","Woesearchaeia_fa","Woesearchaeia_ge",0.000174226145536907,69.167779778152,69,"Nanoarchaeaeota|Woesearchaeia_ge"
"28","Otu00276","LC-13m-E1",2,13,95333.33333,"Archaea","Euryarchaeota","Methanomicrobia","Methanomicrobiales","Methanoregulaceae","Methanoregula",0.00011972463334331,11.4137483783298,11,"Euryarchaeota|Methanoregula"
"29","Otu00326","LC-13m-E1",2,13,95333.33333,"Archaea","Nanoarchaeaeota","Woesearchaeia","Woesearchaeia_or","Woesearchaeia_fa","Woesearchaeia_ge",0.00011972463334331,11.4137483783298,11,"Nanoarchaeaeota|Woesearchaeia_ge"
"30","Otu00434","LC-15point5m-E1",2,15.5,585000,"Archaea","Nanoarchaeaeota","Woesearchaeia","Woesearchaeia_or","Woesearchaeia_fa","Woesearchaeia_ge",0.000285510349750178,167.023554603854,167,"Nanoarchaeaeota|Woesearchaeia_ge"
"31","Otu00434","Cadagno15m-E2",2,15,905000,"Archaea","Nanoarchaeaeota","Woesearchaeia","Woesearchaeia_or","Woesearchaeia_fa","Woesearchaeia_ge",0.000102417042195821,92.6874231872183,93,"Nanoarchaeaeota|Woesearchaeia_ge"
"32","Otu00473","Cadagno15m-E2",2,15,905000,"Archaea","Nanoarchaeaeota","Woesearchaeia","Woesearchaeia_or","Woesearchaeia_fa","Woesearchaeia_ge",0.000102417042195821,92.6874231872183,93,"Nanoarchaeaeota|Woesearchaeia_ge"
"33","Otu00473","LC-17m-E1",2,17,434666.6667,"Archaea","Nanoarchaeaeota","Woesearchaeia","Woesearchaeia_or","Woesearchaeia_fa","Woesearchaeia_ge",0.000117460503905562,51.0561657015329,51,"Nanoarchaeaeota|Woesearchaeia_ge"
"34","Otu00473","LC-11m-E1",2,11,104333.3333,"Archaea","Nanoarchaeaeota","Woesearchaeia","Woesearchaeia_or","Woesearchaeia_fa","Woesearchaeia_ge",8.08767034655667e-05,8.43813605887824,8,"Nanoarchaeaeota|Woesearchaeia_ge"
"35","Otu00473","LC-15point5m-E1",2,15.5,585000,"Archaea","Nanoarchaeaeota","Woesearchaeia","Woesearchaeia_or","Woesearchaeia_fa","Woesearchaeia_ge",0.000285510349750178,167.023554603854,167,"Nanoarchaeaeota|Woesearchaeia_ge"
"36","Otu00519","LC-9m-E1",2,9,73000,"Archaea","Nanoarchaeaeota","Woesearchaeia","Woesearchaeia_or","Woesearchaeia_fa","Woesearchaeia_ge",8.77847517886143e-05,6.40828688056884,6,"Nanoarchaeaeota|Woesearchaeia_ge"
"37","Otu00625","Cadagno15m-E2",2,15,905000,"Archaea","Nanoarchaeaeota","Woesearchaeia","Woesearchaeia_or","Woesearchaeia_fa","Woesearchaeia_ge",0.000102417042195821,92.6874231872183,93,"Nanoarchaeaeota|Woesearchaeia_ge"
"38","Otu00627","LC-17m-E1",2,17,434666.6667,"Archaea","Nanoarchaeaeota","Woesearchaeia","Woesearchaeia_or","Woesearchaeia_fa","Woesearchaeia_ge",0.000117460503905562,51.0561657015329,51,"Nanoarchaeaeota|Woesearchaeia_ge"
"39","Otu00627","LC-19m-E1",2,19,397000,"Archaea","Nanoarchaeaeota","Woesearchaeia","Woesearchaeia_or","Woesearchaeia_fa","Woesearchaeia_ge",0.000116150763691271,46.1118531854347,46,"Nanoarchaeaeota|Woesearchaeia_ge"
"40","Otu00639","LC-17m-E1",2,17,434666.6667,"Archaea","Nanoarchaeaeota","Woesearchaeia","Woesearchaeia_or","Woesearchaeia_fa","Woesearchaeia_ge",0.000117460503905562,51.0561657015329,51,"Nanoarchaeaeota|Woesearchaeia_ge"
"41","Otu00639","LC-3m-E1",2,3,95666.66667,"Archaea","Nanoarchaeaeota","Woesearchaeia","Woesearchaeia_or","Woesearchaeia_fa","Woesearchaeia_ge",6.61266325012399e-05,6.3261145095057,6,"Nanoarchaeaeota|Woesearchaeia_ge"
"42","Otu00799","Cadagno7m-E2",2,7,157333.3333,"Archaea","Archaea_unclassified","Archaea_unclassified","Archaea_unclassified","Archaea_unclassified","Archaea_unclassified",8.76769979395905e-05,13.794514339573,14,"Archaea_unclassified|Archaea_unclassified"
"43","Otu00811","LC-15point5m-E1",2,15.5,585000,"Archaea","Nanoarchaeaeota","Woesearchaeia","Woesearchaeia_or","Woesearchaeia_fa","Woesearchaeia_ge",0.000285510349750178,167.023554603854,167,"Nanoarchaeaeota|Woesearchaeia_ge"
"44","Otu00811","LC-17m-E1",2,17,434666.6667,"Archaea","Nanoarchaeaeota","Woesearchaeia","Woesearchaeia_or","Woesearchaeia_fa","Woesearchaeia_ge",0.000117460503905562,51.0561657015329,51,"Nanoarchaeaeota|Woesearchaeia_ge"
"45","Otu00826","LC-9m-E1",2,9,73000,"Archaea","Nanoarchaeaeota","Woesearchaeia","Woesearchaeia_or","Woesearchaeia_fa","Woesearchaeia_ge",8.77847517886143e-05,6.40828688056884,6,"Nanoarchaeaeota|Woesearchaeia_ge"
"46","Otu00840","LC-19m-E1",2,19,397000,"Archaea","Nanoarchaeaeota","Woesearchaeia","Woesearchaeia_or","Woesearchaeia_fa","Woesearchaeia_ge",0.000116150763691271,46.1118531854347,46,"Nanoarchaeaeota|Woesearchaeia_ge"
"47","Otu00846","LC-15point5m-E1",2,15.5,585000,"Archaea","Nanoarchaeaeota","Woesearchaeia","Woesearchaeia_or","Woesearchaeia_fa","Woesearchaeia_ge",0.000285510349750178,167.023554603854,167,"Nanoarchaeaeota|Woesearchaeia_ge"
"48","Otu00846","LC-19m-E1",2,19,397000,"Archaea","Nanoarchaeaeota","Woesearchaeia","Woesearchaeia_or","Woesearchaeia_fa","Woesearchaeia_ge",0.000116150763691271,46.1118531854347,46,"Nanoarchaeaeota|Woesearchaeia_ge"
"49","Otu00922","LC-17m-E1",2,17,434666.6667,"Archaea","Nanoarchaeaeota","Woesearchaeia","Woesearchaeia_or","Woesearchaeia_fa","Woesearchaeia_ge",0.000117460503905562,51.0561657015329,51,"Nanoarchaeaeota|Woesearchaeia_ge"
"50","Otu01006","Cadagno15m-E2",2,15,905000,"Archaea","Nanoarchaeaeota","Woesearchaeia","Woesearchaeia_or","Woesearchaeia_fa","Woesearchaeia_ge",0.000102417042195821,92.6874231872183,93,"Nanoarchaeaeota|Woesearchaeia_ge"
"51","Otu01019","LC-17m-E1",2,17,434666.6667,"Archaea","Archaea_unclassified","Archaea_unclassified","Archaea_unclassified","Archaea_unclassified","Archaea_unclassified",0.000117460503905562,51.0561657015329,51,"Archaea_unclassified|Archaea_unclassified"
"52","Otu01041","Cadagno15m-E2",2,15,905000,"Archaea","Nanoarchaeaeota","Woesearchaeia","Woesearchaeia_or","Woesearchaeia_fa","Woesearchaeia_ge",0.000102417042195821,92.6874231872183,93,"Nanoarchaeaeota|Woesearchaeia_ge"
"53","Otu01041","LC-19m-E1",2,19,397000,"Archaea","Nanoarchaeaeota","Woesearchaeia","Woesearchaeia_or","Woesearchaeia_fa","Woesearchaeia_ge",0.000116150763691271,46.1118531854347,46,"Nanoarchaeaeota|Woesearchaeia_ge"
"54","Otu01072","LC-17m-E1",2,17,434666.6667,"Archaea","Nanoarchaeaeota","Woesearchaeia","Woesearchaeia_or","Woesearchaeia_fa","Woesearchaeia_ge",0.000117460503905562,51.0561657015329,51,"Nanoarchaeaeota|Woesearchaeia_ge"
"55","Otu01080","LC-15point5m-E1",2,15.5,585000,"Archaea","Euryarchaeota","Methanomicrobia","Methanosarcinales","Methanosaetaceae","Methanosaeta",0.000285510349750178,167.023554603854,167,"Euryarchaeota|Methanosaeta"
"56","Otu01080","LC-3m-E1",2,3,95666.66667,"Archaea","Euryarchaeota","Methanomicrobia","Methanosarcinales","Methanosaetaceae","Methanosaeta",6.61266325012399e-05,6.3261145095057,6,"Euryarchaeota|Methanosaeta"
"57","Otu01158","LC-17m-E1",2,17,434666.6667,"Archaea","Nanoarchaeaeota","Woesearchaeia","Woesearchaeia_or","Woesearchaeia_fa","Woesearchaeia_ge",0.000117460503905562,51.0561657015329,51,"Nanoarchaeaeota|Woesearchaeia_ge"
"58","Otu01158","LC-19m-E1",2,19,397000,"Archaea","Nanoarchaeaeota","Woesearchaeia","Woesearchaeia_or","Woesearchaeia_fa","Woesearchaeia_ge",0.000116150763691271,46.1118531854347,46,"Nanoarchaeaeota|Woesearchaeia_ge"
"59","Otu01257","LC-19m-E1",2,19,397000,"Archaea","Euryarchaeota","Thermoplasmata","Marine_Benthic_Group_D_and_DHVEG-1","Marine_Benthic_Group_D_and_DHVEG-1_fa","Marine_Benthic_Group_D_and_DHVEG-1_ge",0.000116150763691271,46.1118531854347,46,"Euryarchaeota|Marine_Benthic_Group_D_and_DHVEG-1_ge"
"60","Otu01370","LC-19m-E1",2,19,397000,"Archaea","Nanoarchaeaeota","Woesearchaeia","Woesearchaeia_or","Woesearchaeia_fa","Woesearchaeia_ge",0.000116150763691271,46.1118531854347,46,"Nanoarchaeaeota|Woesearchaeia_ge"
"61","Otu01373","LC-19m-E1",2,19,397000,"Archaea","Nanoarchaeaeota","Woesearchaeia","Woesearchaeia_or","Woesearchaeia_fa","Woesearchaeia_ge",0.000116150763691271,46.1118531854347,46,"Nanoarchaeaeota|Woesearchaeia_ge"
"62","Otu01383","LC-9m-E1",2,9,73000,"Archaea","Nanoarchaeaeota","Woesearchaeia","Woesearchaeia_or","Woesearchaeia_fa","Woesearchaeia_ge",8.77847517886143e-05,6.40828688056884,6,"Nanoarchaeaeota|Woesearchaeia_ge"
"63","Otu01384","LC-19m-E1",2,19,397000,"Archaea","Nanoarchaeaeota","Woesearchaeia","Woesearchaeia_or","Woesearchaeia_fa","Woesearchaeia_ge",0.000116150763691271,46.1118531854347,46,"Nanoarchaeaeota|Woesearchaeia_ge"
"64","Otu01394","LC-17m-E1",2,17,434666.6667,"Archaea","Nanoarchaeaeota","Woesearchaeia","Woesearchaeia_or","Woesearchaeia_fa","Woesearchaeia_ge",0.000117460503905562,51.0561657015329,51,"Nanoarchaeaeota|Woesearchaeia_ge"
"65","Otu01396","Cadagno15m-E2",2,15,905000,"Archaea","Nanoarchaeaeota","Woesearchaeia","Woesearchaeia_or","Woesearchaeia_fa","Woesearchaeia_ge",0.000102417042195821,92.6874231872183,93,"Nanoarchaeaeota|Woesearchaeia_ge"
"66","Otu01402","LC-17m-E1",2,17,434666.6667,"Archaea","Nanoarchaeaeota","Woesearchaeia","Woesearchaeia_or","Woesearchaeia_fa","Woesearchaeia_ge",0.000117460503905562,51.0561657015329,51,"Nanoarchaeaeota|Woesearchaeia_ge"
"67","Otu01445","LC-19m-E1",2,19,397000,"Archaea","Asgardaeota","Asgardaeota_unclassified","Asgardaeota_unclassified","Asgardaeota_unclassified","Asgardaeota_unclassified",0.000116150763691271,46.1118531854347,46,"Asgardaeota|Asgardaeota_unclassified"
"68","Otu01466","LC-19m-E1",2,19,397000,"Archaea","Archaea_unclassified","Archaea_unclassified","Archaea_unclassified","Archaea_unclassified","Archaea_unclassified",0.000116150763691271,46.1118531854347,46,"Archaea_unclassified|Archaea_unclassified"
"69","Otu01549","Cadagno7m-E2",2,7,157333.3333,"Archaea","Nanoarchaeaeota","Woesearchaeia","Woesearchaeia_or","Woesearchaeia_fa","Woesearchaeia_ge",8.76769979395905e-05,13.794514339573,14,"Nanoarchaeaeota|Woesearchaeia_ge"
"70","Otu01636","Cadagno15m-E2",2,15,905000,"Archaea","Nanoarchaeaeota","Woesearchaeia","Woesearchaeia_or","Woesearchaeia_fa","Woesearchaeia_ge",0.000102417042195821,92.6874231872183,93,"Nanoarchaeaeota|Woesearchaeia_ge"
"71","Otu01640","LC-19m-E1",2,19,397000,"Archaea","Nanoarchaeaeota","Woesearchaeia","Woesearchaeia_or","Woesearchaeia_fa","Woesearchaeia_ge",0.000116150763691271,46.1118531854347,46,"Nanoarchaeaeota|Woesearchaeia_ge"
"72","Otu01696","LC-19m-E1",2,19,397000,"Archaea","Nanoarchaeaeota","Woesearchaeia","Woesearchaeia_or","Woesearchaeia_fa","Woesearchaeia_ge",0.000116150763691271,46.1118531854347,46,"Nanoarchaeaeota|Woesearchaeia_ge"
"73","Otu01808","LC-17m-E1",2,17,434666.6667,"Archaea","Archaea_unclassified","Archaea_unclassified","Archaea_unclassified","Archaea_unclassified","Archaea_unclassified",0.000117460503905562,51.0561657015329,51,"Archaea_unclassified|Archaea_unclassified"
"74","Otu01898","LC-9m-E1",2,9,73000,"Archaea","Archaea_unclassified","Archaea_unclassified","Archaea_unclassified","Archaea_unclassified","Archaea_unclassified",8.77847517886143e-05,6.40828688056884,6,"Archaea_unclassified|Archaea_unclassified"
"75","Otu01908","LC-17m-E1",2,17,434666.6667,"Archaea","Archaea_unclassified","Archaea_unclassified","Archaea_unclassified","Archaea_unclassified","Archaea_unclassified",0.000117460503905562,51.0561657015329,51,"Archaea_unclassified|Archaea_unclassified"
"76","Otu01920","LC-11m-E1",2,11,104333.3333,"Archaea","Archaea_unclassified","Archaea_unclassified","Archaea_unclassified","Archaea_unclassified","Archaea_unclassified",8.08767034655667e-05,8.43813605887824,8,"Archaea_unclassified|Archaea_unclassified"
"77","Otu01941","LC-19m-E1",2,19,397000,"Archaea","Archaea_unclassified","Archaea_unclassified","Archaea_unclassified","Archaea_unclassified","Archaea_unclassified",0.000116150763691271,46.1118531854347,46,"Archaea_unclassified|Archaea_unclassified"
"78","Otu01953","LC-13m-E1",2,13,95333.33333,"Archaea","Nanoarchaeaeota","Woesearchaeia","Woesearchaeia_or","Woesearchaeia_fa","Woesearchaeia_ge",0.00011972463334331,11.4137483783298,11,"Nanoarchaeaeota|Woesearchaeia_ge"
"79","Otu01957","LC-17m-E1",2,17,434666.6667,"Archaea","Nanoarchaeaeota","Woesearchaeia","Woesearchaeia_or","Woesearchaeia_fa","Woesearchaeia_ge",0.000117460503905562,51.0561657015329,51,"Nanoarchaeaeota|Woesearchaeia_ge"
"80","Otu01980","LC-13m-E1",2,13,95333.33333,"Archaea","Nanoarchaeaeota","Woesearchaeia","Woesearchaeia_or","Woesearchaeia_fa","Woesearchaeia_ge",0.00011972463334331,11.4137483783298,11,"Nanoarchaeaeota|Woesearchaeia_ge"
"81","Otu01981","LC-13m-E1",2,13,95333.33333,"Archaea","Nanoarchaeaeota","Woesearchaeia","Woesearchaeia_or","Woesearchaeia_fa","Woesearchaeia_ge",0.00011972463334331,11.4137483783298,11,"Nanoarchaeaeota|Woesearchaeia_ge"
"82","Otu02023","LC-3m-E1",2,3,95666.66667,"Archaea","Nanoarchaeaeota","Woesearchaeia","Woesearchaeia_or","Woesearchaeia_fa","Woesearchaeia_ge",6.61266325012399e-05,6.3261145095057,6,"Nanoarchaeaeota|Woesearchaeia_ge"
"83","Otu02029","LC-3m-E1",2,3,95666.66667,"Archaea","Nanoarchaeaeota","Woesearchaeia","Woesearchaeia_or","Woesearchaeia_fa","Woesearchaeia_ge",6.61266325012399e-05,6.3261145095057,6,"Nanoarchaeaeota|Woesearchaeia_ge"
"84","Otu02032","LC-3m-E1",2,3,95666.66667,"Archaea","Nanoarchaeaeota","Woesearchaeia","Woesearchaeia_or","Woesearchaeia_fa","Woesearchaeia_ge",6.61266325012399e-05,6.3261145095057,6,"Nanoarchaeaeota|Woesearchaeia_ge"
"85","Otu02069","LC-9m-E1",2,9,73000,"Archaea","Nanoarchaeaeota","Woesearchaeia","Woesearchaeia_or","Woesearchaeia_fa","Woesearchaeia_ge",8.77847517886143e-05,6.40828688056884,6,"Nanoarchaeaeota|Woesearchaeia_ge"
"86","Otu02077","LC-11m-E1",2,11,104333.3333,"Archaea","Nanoarchaeaeota","Woesearchaeia","Woesearchaeia_or","Woesearchaeia_fa","Woesearchaeia_ge",8.08767034655667e-05,8.43813605887824,8,"Nanoarchaeaeota|Woesearchaeia_ge"
"87","Otu02087","LC-17m-E1",2,17,434666.6667,"Archaea","Nanoarchaeaeota","Woesearchaeia","Woesearchaeia_or","Woesearchaeia_fa","Woesearchaeia_ge",0.000117460503905562,51.0561657015329,51,"Nanoarchaeaeota|Woesearchaeia_ge"
"88","Otu02089","LC-17m-E1",2,17,434666.6667,"Archaea","Nanoarchaeaeota","Woesearchaeia","Woesearchaeia_or","Woesearchaeia_fa","Woesearchaeia_ge",0.000117460503905562,51.0561657015329,51,"Nanoarchaeaeota|Woesearchaeia_ge"
"89","Otu00326","LC-11m-E1",1,11,104333.3333,"Archaea","Nanoarchaeaeota","Woesearchaeia","Woesearchaeia_or","Woesearchaeia_fa","Woesearchaeia_ge",4.04383517327834e-05,4.21906802943912,4,"Nanoarchaeaeota|Woesearchaeia_ge"
"90","Otu00326","Cadagno7m-E2",1,7,157333.3333,"Archaea","Nanoarchaeaeota","Woesearchaeia","Woesearchaeia_or","Woesearchaeia_fa","Woesearchaeia_ge",4.38384989697953e-05,6.89725716978651,7,"Nanoarchaeaeota|Woesearchaeia_ge"
"91","Otu00434","LC-9m-E1",1,9,73000,"Archaea","Nanoarchaeaeota","Woesearchaeia","Woesearchaeia_or","Woesearchaeia_fa","Woesearchaeia_ge",4.38923758943072e-05,3.20414344028442,3,"Nanoarchaeaeota|Woesearchaeia_ge"
"92","Otu00473","LC-13m-E1",1,13,95333.33333,"Archaea","Nanoarchaeaeota","Woesearchaeia","Woesearchaeia_or","Woesearchaeia_fa","Woesearchaeia_ge",5.98623166716552e-05,5.70687418916492,6,"Nanoarchaeaeota|Woesearchaeia_ge"
"93","Otu00519","LC-19m-E1",1,19,397000,"Archaea","Nanoarchaeaeota","Woesearchaeia","Woesearchaeia_or","Woesearchaeia_fa","Woesearchaeia_ge",5.80753818456356e-05,23.0559265927173,23,"Nanoarchaeaeota|Woesearchaeia_ge"
"94","Otu00519","Cadagno15m-E2",1,15,905000,"Archaea","Nanoarchaeaeota","Woesearchaeia","Woesearchaeia_or","Woesearchaeia_fa","Woesearchaeia_ge",5.12085210979107e-05,46.3437115936092,46,"Nanoarchaeaeota|Woesearchaeia_ge"
"95","Otu00519","LC-13m-E1",1,13,95333.33333,"Archaea","Nanoarchaeaeota","Woesearchaeia","Woesearchaeia_or","Woesearchaeia_fa","Woesearchaeia_ge",5.98623166716552e-05,5.70687418916492,6,"Nanoarchaeaeota|Woesearchaeia_ge"
"96","Otu00625","LC-17m-E1",1,17,434666.6667,"Archaea","Nanoarchaeaeota","Woesearchaeia","Woesearchaeia_or","Woesearchaeia_fa","Woesearchaeia_ge",5.87302519527809e-05,25.5280828507664,26,"Nanoarchaeaeota|Woesearchaeia_ge"
"97","Otu00625","LC-19m-E1",1,19,397000,"Archaea","Nanoarchaeaeota","Woesearchaeia","Woesearchaeia_or","Woesearchaeia_fa","Woesearchaeia_ge",5.80753818456356e-05,23.0559265927173,23,"Nanoarchaeaeota|Woesearchaeia_ge"
"98","Otu00627","LC-15point5m-E1",1,15.5,585000,"Archaea","Nanoarchaeaeota","Woesearchaeia","Woesearchaeia_or","Woesearchaeia_fa","Woesearchaeia_ge",0.000142755174875089,83.5117773019272,84,"Nanoarchaeaeota|Woesearchaeia_ge"
"99","Otu00627","LC-13m-E1",1,13,95333.33333,"Archaea","Nanoarchaeaeota","Woesearchaeia","Woesearchaeia_or","Woesearchaeia_fa","Woesearchaeia_ge",5.98623166716552e-05,5.70687418916492,6,"Nanoarchaeaeota|Woesearchaeia_ge"
"100","Otu00639","LC-9m-E1",1,9,73000,"Archaea","Nanoarchaeaeota","Woesearchaeia","Woesearchaeia_or","Woesearchaeia_fa","Woesearchaeia_ge",4.38923758943072e-05,3.20414344028442,3,"Nanoarchaeaeota|Woesearchaeia_ge"
"101","Otu00729","Cadagno7m-E2",1,7,157333.3333,"Archaea","Nanoarchaeaeota","Woesearchaeia","Woesearchaeia_or","Woesearchaeia_fa","Woesearchaeia_ge",4.38384989697953e-05,6.89725716978651,7,"Nanoarchaeaeota|Woesearchaeia_ge"
"102","Otu00729","Cadagno15m-E2",1,15,905000,"Archaea","Nanoarchaeaeota","Woesearchaeia","Woesearchaeia_or","Woesearchaeia_fa","Woesearchaeia_ge",5.12085210979107e-05,46.3437115936092,46,"Nanoarchaeaeota|Woesearchaeia_ge"
"103","Otu00729","LC-9m-E1",1,9,73000,"Archaea","Nanoarchaeaeota","Woesearchaeia","Woesearchaeia_or","Woesearchaeia_fa","Woesearchaeia_ge",4.38923758943072e-05,3.20414344028442,3,"Nanoarchaeaeota|Woesearchaeia_ge"
"104","Otu00729","LC-13m-E1",1,13,95333.33333,"Archaea","Nanoarchaeaeota","Woesearchaeia","Woesearchaeia_or","Woesearchaeia_fa","Woesearchaeia_ge",5.98623166716552e-05,5.70687418916492,6,"Nanoarchaeaeota|Woesearchaeia_ge"
"105","Otu00751","LC-17m-E1",1,17,434666.6667,"Archaea","Nanoarchaeaeota","Woesearchaeia","Woesearchaeia_or","Woesearchaeia_fa","Woesearchaeia_ge",5.87302519527809e-05,25.5280828507664,26,"Nanoarchaeaeota|Woesearchaeia_ge"
"106","Otu00754","LC-9m-E1",1,9,73000,"Archaea","Nanoarchaeaeota","Woesearchaeia","Woesearchaeia_or","Woesearchaeia_fa","Woesearchaeia_ge",4.38923758943072e-05,3.20414344028442,3,"Nanoarchaeaeota|Woesearchaeia_ge"
"107","Otu00754","Cadagno15m-E2",1,15,905000,"Archaea","Nanoarchaeaeota","Woesearchaeia","Woesearchaeia_or","Woesearchaeia_fa","Woesearchaeia_ge",5.12085210979107e-05,46.3437115936092,46,"Nanoarchaeaeota|Woesearchaeia_ge"
"108","Otu00754","LC-13m-E1",1,13,95333.33333,"Archaea","Nanoarchaeaeota","Woesearchaeia","Woesearchaeia_or","Woesearchaeia_fa","Woesearchaeia_ge",5.98623166716552e-05,5.70687418916492,6,"Nanoarchaeaeota|Woesearchaeia_ge"
"109","Otu00840","Cadagno15m-E2",1,15,905000,"Archaea","Nanoarchaeaeota","Woesearchaeia","Woesearchaeia_or","Woesearchaeia_fa","Woesearchaeia_ge",5.12085210979107e-05,46.3437115936092,46,"Nanoarchaeaeota|Woesearchaeia_ge"
"110","Otu00907","LC-19m-E1",1,19,397000,"Archaea","Nanoarchaeaeota","Woesearchaeia","Woesearchaeia_or","Woesearchaeia_fa","Woesearchaeia_ge",5.80753818456356e-05,23.0559265927173,23,"Nanoarchaeaeota|Woesearchaeia_ge"
"111","Otu00922","LC-19m-E1",1,19,397000,"Archaea","Nanoarchaeaeota","Woesearchaeia","Woesearchaeia_or","Woesearchaeia_fa","Woesearchaeia_ge",5.80753818456356e-05,23.0559265927173,23,"Nanoarchaeaeota|Woesearchaeia_ge"
"112","Otu00922","LC-13m-E1",1,13,95333.33333,"Archaea","Nanoarchaeaeota","Woesearchaeia","Woesearchaeia_or","Woesearchaeia_fa","Woesearchaeia_ge",5.98623166716552e-05,5.70687418916492,6,"Nanoarchaeaeota|Woesearchaeia_ge"
"113","Otu00982","LC-19m-E1",1,19,397000,"Archaea","Nanoarchaeaeota","Woesearchaeia","Woesearchaeia_or","Woesearchaeia_fa","Woesearchaeia_ge",5.80753818456356e-05,23.0559265927173,23,"Nanoarchaeaeota|Woesearchaeia_ge"
"114","Otu00990","LC-3m-E1",1,3,95666.66667,"Archaea","Archaea_unclassified","Archaea_unclassified","Archaea_unclassified","Archaea_unclassified","Archaea_unclassified",3.30633162506199e-05,3.16305725475285,3,"Archaea_unclassified|Archaea_unclassified"
"115","Otu00990","LC-15point5m-E1",1,15.5,585000,"Archaea","Archaea_unclassified","Archaea_unclassified","Archaea_unclassified","Archaea_unclassified","Archaea_unclassified",0.000142755174875089,83.5117773019272,84,"Archaea_unclassified|Archaea_unclassified"
"116","Otu00997","LC-9m-E1",1,9,73000,"Archaea","Nanoarchaeaeota","Woesearchaeia","Woesearchaeia_or","Woesearchaeia_fa","Woesearchaeia_ge",4.38923758943072e-05,3.20414344028442,3,"Nanoarchaeaeota|Woesearchaeia_ge"
"117","Otu01032","LC-17m-E1",1,17,434666.6667,"Archaea","Nanoarchaeaeota","Woesearchaeia","Woesearchaeia_or","Woesearchaeia_fa","Woesearchaeia_ge",5.87302519527809e-05,25.5280828507664,26,"Nanoarchaeaeota|Woesearchaeia_ge"
"118","Otu01042","LC-19m-E1",1,19,397000,"Archaea","Euryarchaeota","Methanobacteria","Methanobacteriales","Methanobacteriaceae","Methanobacterium",5.80753818456356e-05,23.0559265927173,23,"Euryarchaeota|Methanobacterium"
"119","Otu01054","Cadagno15m-E2",1,15,905000,"Archaea","Nanoarchaeaeota","Woesearchaeia","Woesearchaeia_or","Woesearchaeia_fa","Woesearchaeia_ge",5.12085210979107e-05,46.3437115936092,46,"Nanoarchaeaeota|Woesearchaeia_ge"
"120","Otu01054","LC-17m-E1",1,17,434666.6667,"Archaea","Nanoarchaeaeota","Woesearchaeia","Woesearchaeia_or","Woesearchaeia_fa","Woesearchaeia_ge",5.87302519527809e-05,25.5280828507664,26,"Nanoarchaeaeota|Woesearchaeia_ge"
"121","Otu01056","Cadagno15m-E2",1,15,905000,"Archaea","Nanoarchaeaeota","Woesearchaeia","Woesearchaeia_or","Woesearchaeia_fa","Woesearchaeia_ge",5.12085210979107e-05,46.3437115936092,46,"Nanoarchaeaeota|Woesearchaeia_ge"
"122","Otu01056","Cadagno7m-E2",1,7,157333.3333,"Archaea","Nanoarchaeaeota","Woesearchaeia","Woesearchaeia_or","Woesearchaeia_fa","Woesearchaeia_ge",4.38384989697953e-05,6.89725716978651,7,"Nanoarchaeaeota|Woesearchaeia_ge"
"123","Otu01056","LC-17m-E1",1,17,434666.6667,"Archaea","Nanoarchaeaeota","Woesearchaeia","Woesearchaeia_or","Woesearchaeia_fa","Woesearchaeia_ge",5.87302519527809e-05,25.5280828507664,26,"Nanoarchaeaeota|Woesearchaeia_ge"
"124","Otu01072","Cadagno15m-E2",1,15,905000,"Archaea","Nanoarchaeaeota","Woesearchaeia","Woesearchaeia_or","Woesearchaeia_fa","Woesearchaeia_ge",5.12085210979107e-05,46.3437115936092,46,"Nanoarchaeaeota|Woesearchaeia_ge"
"125","Otu01072","LC-19m-E1",1,19,397000,"Archaea","Nanoarchaeaeota","Woesearchaeia","Woesearchaeia_or","Woesearchaeia_fa","Woesearchaeia_ge",5.80753818456356e-05,23.0559265927173,23,"Nanoarchaeaeota|Woesearchaeia_ge"
"126","Otu01084","LC-9m-E1",1,9,73000,"Archaea","Nanoarchaeaeota","Woesearchaeia","Woesearchaeia_or","Woesearchaeia_fa","Woesearchaeia_ge",4.38923758943072e-05,3.20414344028442,3,"Nanoarchaeaeota|Woesearchaeia_ge"
"127","Otu01370","LC-9m-E1",1,9,73000,"Archaea","Nanoarchaeaeota","Woesearchaeia","Woesearchaeia_or","Woesearchaeia_fa","Woesearchaeia_ge",4.38923758943072e-05,3.20414344028442,3,"Nanoarchaeaeota|Woesearchaeia_ge"
"128","Otu01373","LC-15point5m-E1",1,15.5,585000,"Archaea","Nanoarchaeaeota","Woesearchaeia","Woesearchaeia_or","Woesearchaeia_fa","Woesearchaeia_ge",0.000142755174875089,83.5117773019272,84,"Nanoarchaeaeota|Woesearchaeia_ge"
"129","Otu01383","LC-11m-E1",1,11,104333.3333,"Archaea","Nanoarchaeaeota","Woesearchaeia","Woesearchaeia_or","Woesearchaeia_fa","Woesearchaeia_ge",4.04383517327834e-05,4.21906802943912,4,"Nanoarchaeaeota|Woesearchaeia_ge"
"130","Otu01390","LC-17m-E1",1,17,434666.6667,"Archaea","Nanoarchaeaeota","Woesearchaeia","Woesearchaeia_or","Woesearchaeia_fa","Woesearchaeia_ge",5.87302519527809e-05,25.5280828507664,26,"Nanoarchaeaeota|Woesearchaeia_ge"
"131","Otu01395","LC-19m-E1",1,19,397000,"Archaea","Nanoarchaeaeota","Woesearchaeia","Woesearchaeia_or","Woesearchaeia_fa","Woesearchaeia_ge",5.80753818456356e-05,23.0559265927173,23,"Nanoarchaeaeota|Woesearchaeia_ge"
"132","Otu01396","LC-19m-E1",1,19,397000,"Archaea","Nanoarchaeaeota","Woesearchaeia","Woesearchaeia_or","Woesearchaeia_fa","Woesearchaeia_ge",5.80753818456356e-05,23.0559265927173,23,"Nanoarchaeaeota|Woesearchaeia_ge"
"133","Otu01399","Cadagno15m-E2",1,15,905000,"Archaea","Nanoarchaeaeota","Woesearchaeia","Woesearchaeia_or","Woesearchaeia_fa","Woesearchaeia_ge",5.12085210979107e-05,46.3437115936092,46,"Nanoarchaeaeota|Woesearchaeia_ge"
"134","Otu01425","LC-19m-E1",1,19,397000,"Archaea","Archaea_unclassified","Archaea_unclassified","Archaea_unclassified","Archaea_unclassified","Archaea_unclassified",5.80753818456356e-05,23.0559265927173,23,"Archaea_unclassified|Archaea_unclassified"
"135","Otu01461","LC-3m-E1",1,3,95666.66667,"Archaea","Archaea_unclassified","Archaea_unclassified","Archaea_unclassified","Archaea_unclassified","Archaea_unclassified",3.30633162506199e-05,3.16305725475285,3,"Archaea_unclassified|Archaea_unclassified"
"136","Otu01466","LC-17m-E1",1,17,434666.6667,"Archaea","Archaea_unclassified","Archaea_unclassified","Archaea_unclassified","Archaea_unclassified","Archaea_unclassified",5.87302519527809e-05,25.5280828507664,26,"Archaea_unclassified|Archaea_unclassified"
"137","Otu01485","Cadagno15m-E2",1,15,905000,"Archaea","Nanoarchaeaeota","Woesearchaeia","Woesearchaeia_or","Woesearchaeia_fa","Woesearchaeia_ge",5.12085210979107e-05,46.3437115936092,46,"Nanoarchaeaeota|Woesearchaeia_ge"
"138","Otu01495","LC-19m-E1",1,19,397000,"Archaea","Nanoarchaeaeota","Woesearchaeia","Woesearchaeia_or","Woesearchaeia_fa","Woesearchaeia_ge",5.80753818456356e-05,23.0559265927173,23,"Nanoarchaeaeota|Woesearchaeia_ge"
"139","Otu01618","Cadagno15m-E2",1,15,905000,"Archaea","Nanoarchaeaeota","Woesearchaeia","Woesearchaeia_or","Woesearchaeia_fa","Woesearchaeia_ge",5.12085210979107e-05,46.3437115936092,46,"Nanoarchaeaeota|Woesearchaeia_ge"
"140","Otu01618","LC-17m-E1",1,17,434666.6667,"Archaea","Nanoarchaeaeota","Woesearchaeia","Woesearchaeia_or","Woesearchaeia_fa","Woesearchaeia_ge",5.87302519527809e-05,25.5280828507664,26,"Nanoarchaeaeota|Woesearchaeia_ge"
"141","Otu01638","Cadagno15m-E2",1,15,905000,"Archaea","Nanoarchaeaeota","Woesearchaeia","Woesearchaeia_or","Woesearchaeia_fa","Woesearchaeia_ge",5.12085210979107e-05,46.3437115936092,46,"Nanoarchaeaeota|Woesearchaeia_ge"
"142","Otu01670","Cadagno15m-E2",1,15,905000,"Archaea","Nanoarchaeaeota","Woesearchaeia","Woesearchaeia_or","Woesearchaeia_fa","Woesearchaeia_ge",5.12085210979107e-05,46.3437115936092,46,"Nanoarchaeaeota|Woesearchaeia_ge"
"143","Otu01670","LC-15point5m-E1",1,15.5,585000,"Archaea","Nanoarchaeaeota","Woesearchaeia","Woesearchaeia_or","Woesearchaeia_fa","Woesearchaeia_ge",0.000142755174875089,83.5117773019272,84,"Nanoarchaeaeota|Woesearchaeia_ge"
"144","Otu01672","LC-17m-E1",1,17,434666.6667,"Archaea","Nanoarchaeaeota","Woesearchaeia","Woesearchaeia_or","Woesearchaeia_fa","Woesearchaeia_ge",5.87302519527809e-05,25.5280828507664,26,"Nanoarchaeaeota|Woesearchaeia_ge"
"145","Otu01677","LC-19m-E1",1,19,397000,"Archaea","Nanoarchaeaeota","Woesearchaeia","Woesearchaeia_or","Woesearchaeia_fa","Woesearchaeia_ge",5.80753818456356e-05,23.0559265927173,23,"Nanoarchaeaeota|Woesearchaeia_ge"
"146","Otu01689","Cadagno15m-E2",1,15,905000,"Archaea","Nanoarchaeaeota","Woesearchaeia","Woesearchaeia_or","Woesearchaeia_fa","Woesearchaeia_ge",5.12085210979107e-05,46.3437115936092,46,"Nanoarchaeaeota|Woesearchaeia_ge"
"147","Otu01728","Cadagno15m-E2",1,15,905000,"Archaea","Nanoarchaeaeota","Woesearchaeia","Woesearchaeia_or","Woesearchaeia_fa","Woesearchaeia_ge",5.12085210979107e-05,46.3437115936092,46,"Nanoarchaeaeota|Woesearchaeia_ge"
"148","Otu01769","LC-19m-E1",1,19,397000,"Archaea","Nanoarchaeaeota","Woesearchaeia","Woesearchaeia_or","Woesearchaeia_fa","Woesearchaeia_ge",5.80753818456356e-05,23.0559265927173,23,"Nanoarchaeaeota|Woesearchaeia_ge"
"149","Otu01769","LC-3m-E1",1,3,95666.66667,"Archaea","Nanoarchaeaeota","Woesearchaeia","Woesearchaeia_or","Woesearchaeia_fa","Woesearchaeia_ge",3.30633162506199e-05,3.16305725475285,3,"Nanoarchaeaeota|Woesearchaeia_ge"
"150","Otu01887","LC-19m-E1",1,19,397000,"Archaea","Euryarchaeota","Thermoplasmata","Marine_Benthic_Group_D_and_DHVEG-1","Marine_Benthic_Group_D_and_DHVEG-1_fa","Marine_Benthic_Group_D_and_DHVEG-1_ge",5.80753818456356e-05,23.0559265927173,23,"Euryarchaeota|Marine_Benthic_Group_D_and_DHVEG-1_ge"
"151","Otu01888","LC-19m-E1",1,19,397000,"Archaea","Euryarchaeota","Thermoplasmata","Marine_Benthic_Group_D_and_DHVEG-1","Marine_Benthic_Group_D_and_DHVEG-1_fa","Marine_Benthic_Group_D_and_DHVEG-1_ge",5.80753818456356e-05,23.0559265927173,23,"Euryarchaeota|Marine_Benthic_Group_D_and_DHVEG-1_ge"
"152","Otu01892","LC-17m-E1",1,17,434666.6667,"Archaea","Archaea_unclassified","Archaea_unclassified","Archaea_unclassified","Archaea_unclassified","Archaea_unclassified",5.87302519527809e-05,25.5280828507664,26,"Archaea_unclassified|Archaea_unclassified"
"153","Otu01921","LC-19m-E1",1,19,397000,"Archaea","Asgardaeota","Lokiarchaeia","Lokiarchaeia_or","Lokiarchaeia_fa","Lokiarchaeia_ge",5.80753818456356e-05,23.0559265927173,23,"Asgardaeota|Lokiarchaeia_ge"
"154","Otu02057","LC-11m-E1",1,11,104333.3333,"Archaea","Nanoarchaeaeota","Woesearchaeia","Woesearchaeia_or","Woesearchaeia_fa","Woesearchaeia_ge",4.04383517327834e-05,4.21906802943912,4,"Nanoarchaeaeota|Woesearchaeia_ge"
"155","Otu02057","Cadagno7m-E2",1,7,157333.3333,"Archaea","Nanoarchaeaeota","Woesearchaeia","Woesearchaeia_or","Woesearchaeia_fa","Woesearchaeia_ge",4.38384989697953e-05,6.89725716978651,7,"Nanoarchaeaeota|Woesearchaeia_ge"
"156","Otu02099","Cadagno15m-E2",1,15,905000,"Archaea","Euryarchaeota","Methanomicrobia","Methanomicrobiales","Methanoregulaceae","Methanolinea",5.12085210979107e-05,46.3437115936092,46,"Euryarchaeota|Methanolinea"
"157","Otu02102","LC-19m-E1",1,19,397000,"Archaea","Euryarchaeota","Methanomicrobia","Methanomicrobiales","Methanospirillaceae","Methanospirillum",5.80753818456356e-05,23.0559265927173,23,"Euryarchaeota|Methanospirillum"
"158","Otu02104","LC-19m-E1",1,19,397000,"Archaea","Euryarchaeota","Methanomicrobia","Methanomicrobiales","Methanospirillaceae","Methanospirillum",5.80753818456356e-05,23.0559265927173,23,"Euryarchaeota|Methanospirillum"
"159","Otu02120","LC-9m-E1",1,9,73000,"Archaea","Euryarchaeota","Methanomicrobia","Methanomicrobiales","Methanomicrobiales_unclassified","Methanomicrobiales_unclassified",4.38923758943072e-05,3.20414344028442,3,"Euryarchaeota|Methanomicrobiales_unclassified"
"160","Otu02121","LC-9m-E1",1,9,73000,"Archaea","Euryarchaeota","Methanomicrobia","Methanomicrobiales","Methanoregulaceae","Methanolinea",4.38923758943072e-05,3.20414344028442,3,"Euryarchaeota|Methanolinea"
"161","Otu02122","LC-3m-E1",1,3,95666.66667,"Archaea","Euryarchaeota","Methanomicrobia","Methanomicrobiales","Methanospirillaceae","Methanospirillum",3.30633162506199e-05,3.16305725475285,3,"Euryarchaeota|Methanospirillum"
"162","Otu02174","LC-9m-E1",1,9,73000,"Archaea","Archaea_unclassified","Archaea_unclassified","Archaea_unclassified","Archaea_unclassified","Archaea_unclassified",4.38923758943072e-05,3.20414344028442,3,"Archaea_unclassified|Archaea_unclassified"
"163","Otu02176","Cadagno15m-E2",1,15,905000,"Archaea","Archaea_unclassified","Archaea_unclassified","Archaea_unclassified","Archaea_unclassified","Archaea_unclassified",5.12085210979107e-05,46.3437115936092,46,"Archaea_unclassified|Archaea_unclassified"
"164","Otu02371","LC-15point5m-E1",1,15.5,585000,"Archaea","Euryarchaeota","Thermoplasmata","SG8-5","SG8-5_fa","SG8-5_ge",0.000142755174875089,83.5117773019272,84,"Euryarchaeota|SG8-5_ge"
"165","Otu02412","LC-19m-E1",1,19,397000,"Archaea","Nanoarchaeaeota","Nanohaloarchaeia","Aenigmarchaeales","Aenigmarchaeales_fa","Aenigmarchaeales_ge",5.80753818456356e-05,23.0559265927173,23,"Nanoarchaeaeota|Aenigmarchaeales_ge"
"166","Otu02413","LC-19m-E1",1,19,397000,"Archaea","Nanoarchaeaeota","Nanohaloarchaeia","Aenigmarchaeales","Aenigmarchaeales_fa","Aenigmarchaeales_ge",5.80753818456356e-05,23.0559265927173,23,"Nanoarchaeaeota|Aenigmarchaeales_ge"
"167","Otu02657","Cadagno7m-E2",1,7,157333.3333,"Archaea","Nanoarchaeaeota","Woesearchaeia","Woesearchaeia_or","Woesearchaeia_fa","Woesearchaeia_ge",4.38384989697953e-05,6.89725716978651,7,"Nanoarchaeaeota|Woesearchaeia_ge"
"168","Otu02680","LC-13m-E1",1,13,95333.33333,"Archaea","Nanoarchaeaeota","Woesearchaeia","Woesearchaeia_or","Woesearchaeia_fa","Woesearchaeia_ge",5.98623166716552e-05,5.70687418916492,6,"Nanoarchaeaeota|Woesearchaeia_ge"
"169","Otu02682","LC-11m-E1",1,11,104333.3333,"Archaea","Nanoarchaeaeota","Woesearchaeia","Woesearchaeia_or","Woesearchaeia_fa","Woesearchaeia_ge",4.04383517327834e-05,4.21906802943912,4,"Nanoarchaeaeota|Woesearchaeia_ge"
"170","Otu02698","LC-11m-E1",1,11,104333.3333,"Archaea","Nanoarchaeaeota","Woesearchaeia","Woesearchaeia_or","Woesearchaeia_fa","Woesearchaeia_ge",4.04383517327834e-05,4.21906802943912,4,"Nanoarchaeaeota|Woesearchaeia_ge"
"171","Otu02723","LC-17m-E1",1,17,434666.6667,"Archaea","Nanoarchaeaeota","Woesearchaeia","Woesearchaeia_or","Woesearchaeia_fa","Woesearchaeia_ge",5.87302519527809e-05,25.5280828507664,26,"Nanoarchaeaeota|Woesearchaeia_ge"
"172","Otu02726","LC-15point5m-E1",1,15.5,585000,"Archaea","Nanoarchaeaeota","Woesearchaeia","Woesearchaeia_or","Woesearchaeia_fa","Woesearchaeia_ge",0.000142755174875089,83.5117773019272,84,"Nanoarchaeaeota|Woesearchaeia_ge"
"173","Otu02735","LC-11m-E1",1,11,104333.3333,"Archaea","Nanoarchaeaeota","Woesearchaeia","Woesearchaeia_or","Woesearchaeia_fa","Woesearchaeia_ge",4.04383517327834e-05,4.21906802943912,4,"Nanoarchaeaeota|Woesearchaeia_ge"
"174","Otu02740","LC-17m-E1",1,17,434666.6667,"Archaea","Nanoarchaeaeota","Woesearchaeia","Woesearchaeia_or","Woesearchaeia_fa","Woesearchaeia_ge",5.87302519527809e-05,25.5280828507664,26,"Nanoarchaeaeota|Woesearchaeia_ge"
"175","Otu02743","LC-11m-E1",1,11,104333.3333,"Archaea","Nanoarchaeaeota","Woesearchaeia","Woesearchaeia_or","Woesearchaeia_fa","Woesearchaeia_ge",4.04383517327834e-05,4.21906802943912,4,"Nanoarchaeaeota|Woesearchaeia_ge"
"176","Otu02745","LC-11m-E1",1,11,104333.3333,"Archaea","Nanoarchaeaeota","Woesearchaeia","Woesearchaeia_or","Woesearchaeia_fa","Woesearchaeia_ge",4.04383517327834e-05,4.21906802943912,4,"Nanoarchaeaeota|Woesearchaeia_ge"
"177","Otu02748","LC-17m-E1",1,17,434666.6667,"Archaea","Nanoarchaeaeota","Woesearchaeia","Woesearchaeia_or","Woesearchaeia_fa","Woesearchaeia_ge",5.87302519527809e-05,25.5280828507664,26,"Nanoarchaeaeota|Woesearchaeia_ge"
"178","Otu02752","LC-17m-E1",1,17,434666.6667,"Archaea","Nanoarchaeaeota","Woesearchaeia","Woesearchaeia_or","Woesearchaeia_fa","Woesearchaeia_ge",5.87302519527809e-05,25.5280828507664,26,"Nanoarchaeaeota|Woesearchaeia_ge"
"179","Otu02791","LC-19m-E1",1,19,397000,"Archaea","Nanoarchaeaeota","Woesearchaeia","Woesearchaeia_or","Woesearchaeia_fa","Woesearchaeia_ge",5.80753818456356e-05,23.0559265927173,23,"Nanoarchaeaeota|Woesearchaeia_ge"
"180","Otu02794","LC-19m-E1",1,19,397000,"Archaea","Nanoarchaeaeota","Woesearchaeia","Woesearchaeia_or","Woesearchaeia_fa","Woesearchaeia_ge",5.80753818456356e-05,23.0559265927173,23,"Nanoarchaeaeota|Woesearchaeia_ge"
"181","Otu02795","LC-19m-E1",1,19,397000,"Archaea","Nanoarchaeaeota","Woesearchaeia","Woesearchaeia_or","Woesearchaeia_fa","Woesearchaeia_ge",5.80753818456356e-05,23.0559265927173,23,"Nanoarchaeaeota|Woesearchaeia_ge"
"182","Otu02799","LC-19m-E1",1,19,397000,"Archaea","Nanoarchaeaeota","Woesearchaeia","Woesearchaeia_or","Woesearchaeia_fa","Woesearchaeia_ge",5.80753818456356e-05,23.0559265927173,23,"Nanoarchaeaeota|Woesearchaeia_ge"
"183","Otu02802","LC-17m-E1",1,17,434666.6667,"Archaea","Nanoarchaeaeota","Woesearchaeia","Woesearchaeia_or","Woesearchaeia_fa","Woesearchaeia_ge",5.87302519527809e-05,25.5280828507664,26,"Nanoarchaeaeota|Woesearchaeia_ge"
"184","Otu02803","LC-19m-E1",1,19,397000,"Archaea","Nanoarchaeaeota","Woesearchaeia","Woesearchaeia_or","Woesearchaeia_fa","Woesearchaeia_ge",5.80753818456356e-05,23.0559265927173,23,"Nanoarchaeaeota|Woesearchaeia_ge"
"185","Otu02805","LC-19m-E1",1,19,397000,"Archaea","Nanoarchaeaeota","Woesearchaeia","Woesearchaeia_or","Woesearchaeia_fa","Woesearchaeia_ge",5.80753818456356e-05,23.0559265927173,23,"Nanoarchaeaeota|Woesearchaeia_ge"
"186","Otu02806","LC-19m-E1",1,19,397000,"Archaea","Nanoarchaeaeota","Woesearchaeia","Woesearchaeia_or","Woesearchaeia_fa","Woesearchaeia_ge",5.80753818456356e-05,23.0559265927173,23,"Nanoarchaeaeota|Woesearchaeia_ge"
"187","Otu02807","LC-19m-E1",1,19,397000,"Archaea","Nanoarchaeaeota","Woesearchaeia","Woesearchaeia_or","Woesearchaeia_fa","Woesearchaeia_ge",5.80753818456356e-05,23.0559265927173,23,"Nanoarchaeaeota|Woesearchaeia_ge"
"188","Otu02808","LC-19m-E1",1,19,397000,"Archaea","Nanoarchaeaeota","Woesearchaeia","Woesearchaeia_or","Woesearchaeia_fa","Woesearchaeia_ge",5.80753818456356e-05,23.0559265927173,23,"Nanoarchaeaeota|Woesearchaeia_ge"
"189","Otu02810","Cadagno15m-E2",1,15,905000,"Archaea","Nanoarchaeaeota","Woesearchaeia","Woesearchaeia_or","Woesearchaeia_fa","Woesearchaeia_ge",5.12085210979107e-05,46.3437115936092,46,"Nanoarchaeaeota|Woesearchaeia_ge"
"190","Otu02811","Cadagno15m-E2",1,15,905000,"Archaea","Nanoarchaeaeota","Woesearchaeia","Woesearchaeia_or","Woesearchaeia_fa","Woesearchaeia_ge",5.12085210979107e-05,46.3437115936092,46,"Nanoarchaeaeota|Woesearchaeia_ge"
"191","Otu02812","Cadagno15m-E2",1,15,905000,"Archaea","Nanoarchaeaeota","Woesearchaeia","Woesearchaeia_or","Woesearchaeia_fa","Woesearchaeia_ge",5.12085210979107e-05,46.3437115936092,46,"Nanoarchaeaeota|Woesearchaeia_ge"
"192","Otu02813","Cadagno15m-E2",1,15,905000,"Archaea","Nanoarchaeaeota","Woesearchaeia","Woesearchaeia_or","Woesearchaeia_fa","Woesearchaeia_ge",5.12085210979107e-05,46.3437115936092,46,"Nanoarchaeaeota|Woesearchaeia_ge"
"193","Otu02814","Cadagno15m-E2",1,15,905000,"Archaea","Nanoarchaeaeota","Woesearchaeia","Woesearchaeia_or","Woesearchaeia_fa","Woesearchaeia_ge",5.12085210979107e-05,46.3437115936092,46,"Nanoarchaeaeota|Woesearchaeia_ge"
"194","Otu02823","Cadagno15m-E2",1,15,905000,"Archaea","Nanoarchaeaeota","Woesearchaeia","Woesearchaeia_or","Woesearchaeia_fa","Woesearchaeia_ge",5.12085210979107e-05,46.3437115936092,46,"Nanoarchaeaeota|Woesearchaeia_ge"
"195","Otu02829","Cadagno7m-E2",1,7,157333.3333,"Archaea","Nanoarchaeaeota","Woesearchaeia","Woesearchaeia_or","Woesearchaeia_fa","Woesearchaeia_ge",4.38384989697953e-05,6.89725716978651,7,"Nanoarchaeaeota|Woesearchaeia_ge"
"196","Otu02879","Cadagno15m-E2",1,15,905000,"Archaea","Euryarchaeota","Thermoplasmata","Thermoplasmata_unclassified","Thermoplasmata_unclassified","Thermoplasmata_unclassified",5.12085210979107e-05,46.3437115936092,46,"Euryarchaeota|Thermoplasmata_unclassified"
"197","Otu02976","LC-13m-E1",1,13,95333.33333,"Archaea","Nanoarchaeaeota","Woesearchaeia","Woesearchaeia_or","Woesearchaeia_fa","Woesearchaeia_ge",5.98623166716552e-05,5.70687418916492,6,"Nanoarchaeaeota|Woesearchaeia_ge"
"198","Otu02977","LC-9m-E1",1,9,73000,"Archaea","Nanoarchaeaeota","Woesearchaeia","Woesearchaeia_or","Woesearchaeia_fa","Woesearchaeia_ge",4.38923758943072e-05,3.20414344028442,3,"Nanoarchaeaeota|Woesearchaeia_ge"
"199","Otu02978","LC-9m-E1",1,9,73000,"Archaea","Nanoarchaeaeota","Woesearchaeia","Woesearchaeia_or","Woesearchaeia_fa","Woesearchaeia_ge",4.38923758943072e-05,3.20414344028442,3,"Nanoarchaeaeota|Woesearchaeia_ge"
"200","Otu02979","LC-9m-E1",1,9,73000,"Archaea","Nanoarchaeaeota","Woesearchaeia","Woesearchaeia_or","Woesearchaeia_fa","Woesearchaeia_ge",4.38923758943072e-05,3.20414344028442,3,"Nanoarchaeaeota|Woesearchaeia_ge"
"201","Otu02980","LC-9m-E1",1,9,73000,"Archaea","Nanoarchaeaeota","Woesearchaeia","Woesearchaeia_or","Woesearchaeia_fa","Woesearchaeia_ge",4.38923758943072e-05,3.20414344028442,3,"Nanoarchaeaeota|Woesearchaeia_ge"
"202","Otu02982","LC-19m-E1",1,19,397000,"Archaea","Nanoarchaeaeota","Woesearchaeia","Woesearchaeia_or","Woesearchaeia_fa","Woesearchaeia_ge",5.80753818456356e-05,23.0559265927173,23,"Nanoarchaeaeota|Woesearchaeia_ge"
"203","Otu02984","LC-19m-E1",1,19,397000,"Archaea","Nanoarchaeaeota","Woesearchaeia","Woesearchaeia_or","Woesearchaeia_fa","Woesearchaeia_ge",5.80753818456356e-05,23.0559265927173,23,"Nanoarchaeaeota|Woesearchaeia_ge"
"204","Otu02985","LC-17m-E1",1,17,434666.6667,"Archaea","Nanoarchaeaeota","Woesearchaeia","Woesearchaeia_or","Woesearchaeia_fa","Woesearchaeia_ge",5.87302519527809e-05,25.5280828507664,26,"Nanoarchaeaeota|Woesearchaeia_ge"
"205","Otu02986","LC-17m-E1",1,17,434666.6667,"Archaea","Nanoarchaeaeota","Woesearchaeia","Woesearchaeia_or","Woesearchaeia_fa","Woesearchaeia_ge",5.87302519527809e-05,25.5280828507664,26,"Nanoarchaeaeota|Woesearchaeia_ge"
"206","Otu02987","LC-3m-E1",1,3,95666.66667,"Archaea","Nanoarchaeaeota","Woesearchaeia","Woesearchaeia_or","Woesearchaeia_fa","Woesearchaeia_ge",3.30633162506199e-05,3.16305725475285,3,"Nanoarchaeaeota|Woesearchaeia_ge"
"207","Otu02988","LC-13m-E1",1,13,95333.33333,"Archaea","Nanoarchaeaeota","Woesearchaeia","Woesearchaeia_or","Woesearchaeia_fa","Woesearchaeia_ge",5.98623166716552e-05,5.70687418916492,6,"Nanoarchaeaeota|Woesearchaeia_ge"
"208","Otu02989","LC-13m-E1",1,13,95333.33333,"Archaea","Nanoarchaeaeota","Woesearchaeia","Woesearchaeia_or","Woesearchaeia_fa","Woesearchaeia_ge",5.98623166716552e-05,5.70687418916492,6,"Nanoarchaeaeota|Woesearchaeia_ge"
"209","Otu02991","LC-13m-E1",1,13,95333.33333,"Archaea","Nanoarchaeaeota","Woesearchaeia","Woesearchaeia_or","Woesearchaeia_fa","Woesearchaeia_ge",5.98623166716552e-05,5.70687418916492,6,"Nanoarchaeaeota|Woesearchaeia_ge"
"210","Otu02993","LC-19m-E1",1,19,397000,"Archaea","Nanoarchaeaeota","Woesearchaeia","Woesearchaeia_or","Woesearchaeia_fa","Woesearchaeia_ge",5.80753818456356e-05,23.0559265927173,23,"Nanoarchaeaeota|Woesearchaeia_ge"
"211","Otu02994","LC-19m-E1",1,19,397000,"Archaea","Nanoarchaeaeota","Woesearchaeia","Woesearchaeia_or","Woesearchaeia_fa","Woesearchaeia_ge",5.80753818456356e-05,23.0559265927173,23,"Nanoarchaeaeota|Woesearchaeia_ge"
"212","Otu02995","LC-3m-E1",1,3,95666.66667,"Archaea","Nanoarchaeaeota","Woesearchaeia","Woesearchaeia_or","Woesearchaeia_fa","Woesearchaeia_ge",3.30633162506199e-05,3.16305725475285,3,"Nanoarchaeaeota|Woesearchaeia_ge"
"213","Otu02996","LC-17m-E1",1,17,434666.6667,"Archaea","Nanoarchaeaeota","Woesearchaeia","Woesearchaeia_or","Woesearchaeia_fa","Woesearchaeia_ge",5.87302519527809e-05,25.5280828507664,26,"Nanoarchaeaeota|Woesearchaeia_ge"
"214","Otu02997","LC-3m-E1",1,3,95666.66667,"Archaea","Nanoarchaeaeota","Woesearchaeia","Woesearchaeia_or","Woesearchaeia_fa","Woesearchaeia_ge",3.30633162506199e-05,3.16305725475285,3,"Nanoarchaeaeota|Woesearchaeia_ge"
"215","Otu02998","LC-3m-E1",1,3,95666.66667,"Archaea","Nanoarchaeaeota","Woesearchaeia","Woesearchaeia_or","Woesearchaeia_fa","Woesearchaeia_ge",3.30633162506199e-05,3.16305725475285,3,"Nanoarchaeaeota|Woesearchaeia_ge"
"216","Otu02999","LC-3m-E1",1,3,95666.66667,"Archaea","Nanoarchaeaeota","Woesearchaeia","Woesearchaeia_or","Woesearchaeia_fa","Woesearchaeia_ge",3.30633162506199e-05,3.16305725475285,3,"Nanoarchaeaeota|Woesearchaeia_ge"
"217","Otu03000","LC-3m-E1",1,3,95666.66667,"Archaea","Nanoarchaeaeota","Woesearchaeia","Woesearchaeia_or","Woesearchaeia_fa","Woesearchaeia_ge",3.30633162506199e-05,3.16305725475285,3,"Nanoarchaeaeota|Woesearchaeia_ge"
"218","Otu03004","LC-15point5m-E1",1,15.5,585000,"Archaea","Nanoarchaeaeota","Woesearchaeia","Woesearchaeia_or","Woesearchaeia_fa","Woesearchaeia_ge",0.000142755174875089,83.5117773019272,84,"Nanoarchaeaeota|Woesearchaeia_ge"
"219","Otu03008","LC-13m-E1",1,13,95333.33333,"Archaea","Nanoarchaeaeota","Woesearchaeia","Woesearchaeia_or","Woesearchaeia_fa","Woesearchaeia_ge",5.98623166716552e-05,5.70687418916492,6,"Nanoarchaeaeota|Woesearchaeia_ge"
"220","Otu03017","LC-17m-E1",1,17,434666.6667,"Archaea","Nanoarchaeaeota","Woesearchaeia","Woesearchaeia_or","Woesearchaeia_fa","Woesearchaeia_ge",5.87302519527809e-05,25.5280828507664,26,"Nanoarchaeaeota|Woesearchaeia_ge"
"221","Otu03020","Cadagno7m-E2",1,7,157333.3333,"Archaea","Nanoarchaeaeota","Woesearchaeia","Woesearchaeia_or","Woesearchaeia_fa","Woesearchaeia_ge",4.38384989697953e-05,6.89725716978651,7,"Nanoarchaeaeota|Woesearchaeia_ge"
"222","Otu03026","LC-9m-E1",1,9,73000,"Archaea","Nanoarchaeaeota","Woesearchaeia","Woesearchaeia_or","Woesearchaeia_fa","Woesearchaeia_ge",4.38923758943072e-05,3.20414344028442,3,"Nanoarchaeaeota|Woesearchaeia_ge"
"223","Otu03190","LC-17m-E1",1,17,434666.6667,"Archaea","Archaea_unclassified","Archaea_unclassified","Archaea_unclassified","Archaea_unclassified","Archaea_unclassified",5.87302519527809e-05,25.5280828507664,26,"Archaea_unclassified|Archaea_unclassified"
"224","Otu03192","LC-17m-E1",1,17,434666.6667,"Archaea","Archaea_unclassified","Archaea_unclassified","Archaea_unclassified","Archaea_unclassified","Archaea_unclassified",5.87302519527809e-05,25.5280828507664,26,"Archaea_unclassified|Archaea_unclassified"
"225","Otu03193","LC-17m-E1",1,17,434666.6667,"Archaea","Archaea_unclassified","Archaea_unclassified","Archaea_unclassified","Archaea_unclassified","Archaea_unclassified",5.87302519527809e-05,25.5280828507664,26,"Archaea_unclassified|Archaea_unclassified"
"226","Otu03194","LC-17m-E1",1,17,434666.6667,"Archaea","Archaea_unclassified","Archaea_unclassified","Archaea_unclassified","Archaea_unclassified","Archaea_unclassified",5.87302519527809e-05,25.5280828507664,26,"Archaea_unclassified|Archaea_unclassified"
"227","Otu03195","LC-17m-E1",1,17,434666.6667,"Archaea","Archaea_unclassified","Archaea_unclassified","Archaea_unclassified","Archaea_unclassified","Archaea_unclassified",5.87302519527809e-05,25.5280828507664,26,"Archaea_unclassified|Archaea_unclassified"
"228","Otu03196","LC-13m-E1",1,13,95333.33333,"Archaea","Archaea_unclassified","Archaea_unclassified","Archaea_unclassified","Archaea_unclassified","Archaea_unclassified",5.98623166716552e-05,5.70687418916492,6,"Archaea_unclassified|Archaea_unclassified"
"229","Otu03221","Cadagno15m-E2",1,15,905000,"Archaea","Archaea_unclassified","Archaea_unclassified","Archaea_unclassified","Archaea_unclassified","Archaea_unclassified",5.12085210979107e-05,46.3437115936092,46,"Archaea_unclassified|Archaea_unclassified"
"230","Otu03236","LC-19m-E1",1,19,397000,"Archaea","Archaea_unclassified","Archaea_unclassified","Archaea_unclassified","Archaea_unclassified","Archaea_unclassified",5.80753818456356e-05,23.0559265927173,23,"Archaea_unclassified|Archaea_unclassified"
"231","Otu03239","LC-19m-E1",1,19,397000,"Archaea","Archaea_unclassified","Archaea_unclassified","Archaea_unclassified","Archaea_unclassified","Archaea_unclassified",5.80753818456356e-05,23.0559265927173,23,"Archaea_unclassified|Archaea_unclassified"
"232","Otu03366","LC-17m-E1",1,17,434666.6667,"Archaea","Nanoarchaeaeota","Woesearchaeia","Woesearchaeia_or","Woesearchaeia_fa","Woesearchaeia_ge",5.87302519527809e-05,25.5280828507664,26,"Nanoarchaeaeota|Woesearchaeia_ge"
"233","Otu03392","Cadagno15m-E2",1,15,905000,"Archaea","Nanoarchaeaeota","Woesearchaeia","Woesearchaeia_or","Woesearchaeia_fa","Woesearchaeia_ge",5.12085210979107e-05,46.3437115936092,46,"Nanoarchaeaeota|Woesearchaeia_ge"
"234","Otu03393","Cadagno15m-E2",1,15,905000,"Archaea","Nanoarchaeaeota","Woesearchaeia","Woesearchaeia_or","Woesearchaeia_fa","Woesearchaeia_ge",5.12085210979107e-05,46.3437115936092,46,"Nanoarchaeaeota|Woesearchaeia_ge"
"235","Otu03440","LC-19m-E1",1,19,397000,"Archaea","Nanoarchaeaeota","Nanoarchaeaeota_unclassified","Nanoarchaeaeota_unclassified","Nanoarchaeaeota_unclassified","Nanoarchaeaeota_unclassified",5.80753818456356e-05,23.0559265927173,23,"Nanoarchaeaeota|Nanoarchaeaeota_unclassified"
"236","Otu03442","LC-19m-E1",1,19,397000,"Archaea","Nanoarchaeaeota","Nanoarchaeaeota_unclassified","Nanoarchaeaeota_unclassified","Nanoarchaeaeota_unclassified","Nanoarchaeaeota_unclassified",5.80753818456356e-05,23.0559265927173,23,"Nanoarchaeaeota|Nanoarchaeaeota_unclassified"
"237","Otu03444","LC-17m-E1",1,17,434666.6667,"Archaea","Nanoarchaeaeota","Nanoarchaeaeota_unclassified","Nanoarchaeaeota_unclassified","Nanoarchaeaeota_unclassified","Nanoarchaeaeota_unclassified",5.87302519527809e-05,25.5280828507664,26,"Nanoarchaeaeota|Nanoarchaeaeota_unclassified"
"238","Otu03445","LC-13m-E1",1,13,95333.33333,"Archaea","Nanoarchaeaeota","Nanoarchaeaeota_unclassified","Nanoarchaeaeota_unclassified","Nanoarchaeaeota_unclassified","Nanoarchaeaeota_unclassified",5.98623166716552e-05,5.70687418916492,6,"Nanoarchaeaeota|Nanoarchaeaeota_unclassified"
"239","Otu03446","LC-11m-E1",1,11,104333.3333,"Archaea","Nanoarchaeaeota","Nanoarchaeaeota_unclassified","Nanoarchaeaeota_unclassified","Nanoarchaeaeota_unclassified","Nanoarchaeaeota_unclassified",4.04383517327834e-05,4.21906802943912,4,"Nanoarchaeaeota|Nanoarchaeaeota_unclassified"
"240","Otu03449","Cadagno15m-E2",1,15,905000,"Archaea","Nanoarchaeaeota","Nanoarchaeaeota_unclassified","Nanoarchaeaeota_unclassified","Nanoarchaeaeota_unclassified","Nanoarchaeaeota_unclassified",5.12085210979107e-05,46.3437115936092,46,"Nanoarchaeaeota|Nanoarchaeaeota_unclassified"
"241","Otu03478","LC-15point5m-E1",1,15.5,585000,"Archaea","Euryarchaeota","Thermoplasmata","Methanomassiliicoccales","uncultured","uncultured_ge",0.000142755174875089,83.5117773019272,84,"Euryarchaeota|uncultured_ge"
